comparator_state	analysis_mode	n_ranked_genes	permutations	term	es	nes	nominal_p	fdr_q	fwer_p	tag_fraction	rank_fraction	leading_edge_genes	direction	program_label	evidence_class	comparator_order	program_order
Hypoxia	targeted_predeclared	12496	2000	CANELLAS_CORE_HRC	0.8638065898118961	3.3465072082342706	0.0	0.0	0.0	84/95	9.88%	TSPAN1;SDCBP2;MUC13;COL17A1;CEACAM1;PLAUR;MXD1;JUP;TM4SF1;LRP10;KLK10;KRT80;F11R;TMBIM1;SLC2A1;TINAGL1;LAMB3;DDR1;ITGB4;PDZK1IP1;CXCL16;CD59;CD55;CYP3A5;DUSP5;AHNAK;SERINC2;SLC44A4;DSG2;TSPAN3;ARFGAP3;CAMK2N1;PLEC;GPRC5A;TIMP2;PRSS22;PCDH1;LIPH;C19ORF33;EMP1;EPS8L1;CEACAM5;EFNB1;PINK1;CDCP1;MISP;FA2H;EZR;GJB3;PTPRH;LAMA3;RIOK3;TMPRSS2;SPINT1;SEMA3B;TNFRSF21;ITGB1;CGN;CRB3;RRAS;TMPRSS4;STK24;CLIC3;B4GALT1;RHOF;HEBP2;GBP3;MYH14;CDKN2B;SLC6A8;MYOF;AHNAK2;UGCG;ANXA11;LMO7;CD68;PTK6;LAMC2;ADAM9;CYSTM1;SLPI;SNX9;CDA;RNF103	REC_up	Core HRC	targeted	0	0
UPR	targeted_predeclared	10358	2000	CANELLAS_CORE_HRC	0.8760480860709854	3.505739956607707	0.0	0.0	0.0	89/95	10.52%	TSPAN1;PLEC;CEACAM1;SDCBP2;TM4SF1;AHNAK;SERINC2;SLC2A1;CAMK2N1;MUC13;CYP3A5;MYOF;KRT80;SLC6A8;LAMB3;COL17A1;JUP;C19ORF33;LRP10;SPINT1;TMBIM1;RRAS;CD55;ARFGAP3;SLC44A4;ITGB4;TNFRSF21;RIOK3;LAMA3;F11R;CD59;SNX9;UGCG;CDKN2B;FLNB;DSG2;MISP;TINAGL1;PCDH1;LAMC2;CXCL16;PLAUR;SEMA3B;PTPRH;AHNAK2;EMP1;MXD1;PRSS22;LIPH;MYH14;B4GALT1;ANXA11;TSPAN3;DDR1;PPARD;CGN;CEACAM5;CRB3;PDZK1IP1;RNF103;BMP2;ITGB1;PTK6;EPS8L1;KLK10;DUSP5;CDCP1;FA2H;LMO7;SLPI;SMAD3;HEBP2;STK24;EFNB1;EZR;GJB3;ADAM9;ITGA2;PINK1;BAIAP2L1;B4GALNT3;GPRC5A;CLIC3;CD68;USP53;GBP3;CDA;TJP3;RHOF	REC_up	Core HRC	targeted	1	0
iREC	targeted_predeclared	10824	2000	CANELLAS_CORE_HRC	0.7496504451093777	3.102822155842099	0.0	0.0	0.0	63/95	13.17%	MUC13;CEACAM1;CYP3A5;LIPH;PLAUR;TSPAN1;UGCG;LMO7;SLPI;CD55;SDCBP2;SLC44A4;MISP;MXD1;TMPRSS2;TMBIM1;PTPRH;TSPAN3;SLC6A8;CGN;CAMK2N1;SNX9;RNF103;CDKN2B;RIOK3;STK24;DUSP5;ARFGAP3;GBP3;EFNB1;TJP3;TIMP2;SERINC2;CEACAM5;FA2H;PCDH1;CD68;RRAS;JUP;HEBP2;PDZK1IP1;MYH14;CRB3;F11R;CDCP1;PPARD;PTK6;GPRC5A;DSG2;RHOF;SMAD3;LRP10;CXCL16;TINAGL1;TMPRSS4;USP53;SEMA3B;EPS8L1;FLNB;BMP2;SLC2A1;AHNAK;B4GALNT3	REC_up	Core HRC	targeted	2	0
Hypoxia	targeted_predeclared	12496	2000	NUSSE_REGENERATIVE	0.7553565484017409	2.8012355950586216	0.0	0.0	0.0	43/72	8.71%	APOL1;ISG15;OAS1;MX1;TAP1;DUOXA2;IFI44;OAS3;OASL;UBD;SLC16A3;IDO1;ZBP1;IRF7;HLA-DQB1;GBP2;S100A6;CD74;BST2;ADM;PLA2G2F;CHAC1;APOL2;CXCL9;AREG;CAPN2;NPTX2;RHOF;KCNK6;STXBP1;GBP4;SPATS2L;S100A14;PHLDA2;B3GALT5;TRIB3;SERPINB5;PLK3;ICAM1;CIITA;DUOXA1;TNFSF9;DUSP1	REC_up	Regenerative epithelium	targeted	0	1
UPR	targeted_predeclared	10358	2000	NUSSE_REGENERATIVE	0.6958187245457184	2.50302950732044	0.0	0.0	0.0	29/53	10.73%	OAS1;ISG15;SLC16A3;OAS3;ZBP1;S100A6;TRIB3;GBP2;TAP1;CAPN2;AREG;MX1;PHLDA2;APOL1;SPATS2L;ADM;S100A14;DUOXA2;SLC7A11;IRF7;OASL;IDO1;NPTX2;SH3KBP1;CD74;IFI44;KCNK6;RHOF;STXBP1	REC_up	Regenerative epithelium	targeted	1	1
iREC	targeted_predeclared	10824	2000	NUSSE_REGENERATIVE	0.4999055672006983	1.8999527709154345	0.0	0.0006864090998234	0.007	25/61	19.90%	APOL1;DUOXA2;SPATS2L;TRIB3;SLC16A3;CHAC1;GBP2;APOL2;SH3KBP1;ADM;ZBP1;CAPN2;KCNK6;OAS1;AK4;RHOF;AREG;ISG15;LPCAT4;DUOXA1;S100A14;OAS3;NPTX2;MX1;SLC17A9	REC_up	Regenerative epithelium	targeted	2	1
Hypoxia	targeted_predeclared	12496	2000	PUBLISHED_PEMT	0.7017737098305907	2.477102095158822	0.0	0.0	0.0	35/53	16.88%	QSOX1;PLAUR;SDC4;ECM1;CD59;TGM2;IL32;DKK1;TNFRSF12A;PPIB;LAMA3;RHOB;CAPG;FUCA1;ITGB1;AREG;SLC6A8;MMP1;IL15;LAMC2;ENO2;TPM4;SAT1;TNFRSF11B;DST;CXCL8;IGFBP2;SDC1;ITGA2;GADD45B;PLOD2;CXCL1;VEGFA;LRP1;CALU	REC_up	Partial EMT	targeted	0	2
UPR	targeted_predeclared	10358	2000	PUBLISHED_PEMT	0.7007102122138025	2.51758080317032	0.0	0.0	0.0	30/50	13.24%	IL32;QSOX1;PLOD2;SDC4;SLC6A8;DST;TNFRSF12A;VEGFA;LAMA3;CD59;LAMC2;PLAUR;AREG;ECM1;CAPG;PPIB;ITGB1;TGM2;CXCL1;GADD45A;ENO2;ITGA2;IGFBP2;RHOB;TNFRSF11B;LRP1;FUCA1;TPM4;CXCL8;IL15	REC_up	Partial EMT	targeted	1	2
iREC	targeted_predeclared	10824	2000	PUBLISHED_PEMT	0.520782303995175	1.8883637579902603	0.0008445945945945	0.000724123885528	0.008	12/49	9.80%	PLOD2;TGM2;PLAUR;VEGFA;LRP1;SAT1;SLC6A8;QSOX1;ENO2;IL15;IL32;AREG	REC_up	Partial EMT	targeted	2	2
Hypoxia	targeted_predeclared	12496	2000	HALLMARK_TNFA_NFKB_OGDEN_COPY	0.6566849846857393	2.699232007275808	0.0	0.0	0.0	85/152	17.61%	PLAUR;MXD1;BTG1;TAP1;IRF1;CDKN1A;SDC4;LAMB3;DUSP5;DDX58;PMEPA1;KLF4;TNFAIP2;CXCL11;MAFF;EIF1;TUBB2A;KLF6;MARCKS;BIRC3;IFIT2;CCL20;IFIH1;EDN1;RHOB;AREG;CCND1;B4GALT5;LITAF;B4GALT1;EFNA1;RNF19B;NFKBIA;KLF2;F2RL1;TNIP1;PNRC1;NFIL3;F3;SQSTM1;PHLDA2;IL23A;TIPARP;BTG3;BHLHE40;ATF3;EHD1;PLK2;ICAM1;MAP3K8;BCL6;BCL3;TNFSF9;DUSP1;CFLAR;TRIB1;CXCL10;RELA;IFNGR2;SAT1;IL18;BIRC2;JUNB;CEBPB;NFKBIE;RCAN1;GADD45B;BMP2;TRIP10;IER2;RELB;SMAD3;CXCL1;YRDC;VEGFA;REL;LIF;DUSP4;FOSL2;MAP2K3;PPP1R15A;HBEGF;IL6ST;KLF10;PLAU	REC_up	TNF–NF-κB	targeted	0	3
UPR	targeted_predeclared	10358	2000	HALLMARK_TNFA_NFKB_OGDEN_COPY	0.5999424976425555	2.5459214049935244	0.0	0.0	0.0	59/133	12.20%	PMEPA1;BTG1;SDC4;LAMB3;CCL20;MARCKS;VEGFA;KLF4;EIF1;PLAUR;TAP1;AREG;EDN1;CXCL11;MXD1;B4GALT1;PHLDA2;NFKBIA;KLF6;BIRC3;TNFAIP8;CXCL10;CDKN1A;IL18;IFIH1;B4GALT5;BMP2;BHLHE40;IRF1;DUSP5;IFNGR2;TNIP1;EFNA1;CXCL1;F2RL1;GADD45A;SMAD3;CCND1;PNRC1;EHD1;RELB;HBEGF;TIPARP;LITAF;CEBPB;FOSL1;RCAN1;TRIB1;RHOB;NFIL3;BCL3;CFLAR;TNFAIP3;RELA;DDX58;MAP2K3;ABCA1;PDLIM5;KDM6B	REC_up	TNF–NF-κB	targeted	1	3
iREC	targeted_predeclared	10824	2000	HALLMARK_TNFA_NFKB_OGDEN_COPY	0.3718508976524274	1.6119422533738672	0.0007616146230007	0.0124338105510884	0.1445	50/140	19.39%	PLAUR;VEGFA;EIF1;MXD1;F2RL1;SAT1;NAMPT;EFNA1;CEBPB;DUSP5;B4GALT5;KLF4;PNRC1;TSC22D1;IRS2;TRIP10;NFIL3;CDKN1A;SQSTM1;CEBPD;TNIP1;ACKR3;KLF6;CFLAR;MARCKS;SMAD3;AREG;PLPP3;BTG1;SPSB1;BMP2;IFIH1;RNF19B;ABCA1;BCL6;ZFP36;RELA;TNFAIP8;PDLIM5;PFKFB3;BTG3;GADD45B;NFE2L2;YRDC;EHD1;MAP2K3;BHLHE40;PPP1R15A;BIRC2;MAFF	REC_up	TNF–NF-κB	targeted	2	3
Hypoxia	targeted_predeclared	12496	2000	HALLMARK_HYPOXIA	0.5971214822141534	2.498992045375556	0.0	0.0	0.0	86/157	20.89%	PLAUR;BTG1;SLC2A1;CDKN1A;SDC4;STBD1;P4HA2;ERO1A;IGFBP3;ISG20;TGM2;IDS;MAFF;HSPA5;ANXA2;LDHA;KLF6;IGFBP1;DDIT4;ADM;BNIP3L;PLAC8;HK2;EFNA1;GPC1;ANGPTL4;ETS1;PIM1;PNRC1;GLRX;TPBG;NFIL3;MIF;F3;GAPDH;TIPARP;ENO2;BHLHE40;CCN2;TPI1;S100A4;CDKN1C;ATF3;DUSP1;UGP2;KDELR3;PDGFB;ERRFI1;ALDOA;TES;EFNA3;FOXO3;NDRG1;PGK1;DDIT3;CCNG2;SULT2B1;HDLBP;HS3ST1;CAVIN3;SAP30;VEGFA;ENO1;FOSL2;PRDX5;ALDOC;AMPD3;NAGK;VLDLR;PAM;PPP1R15A;MT2A;P4HA1;CITED2;SLC25A1;PFKP;GAA;CDKN1B;ATP7A;ILVBL;KLF7;TMEM45A;NOCT;WSB1;TNFAIP3;KDM3A	REC_up	Hypoxia	targeted	0	4
UPR	targeted_predeclared	10358	2000	HALLMARK_HYPOXIA	0.6247650691353748	2.639869631968788	0.0	0.0	0.0	72/132	16.87%	NDRG1;LDHA;SLC2A1;BTG1;SDC4;ANXA2;ERO1A;ISG20;HSPA5;P4HA2;VEGFA;PGK1;TES;BNIP3L;DDIT4;PLAUR;PLAC8;PAM;HK2;PDK1;STBD1;MIF;KLF6;PIM1;ADM;P4HA1;CDKN1A;IDS;BHLHE40;TPI1;PFKP;CDKN1C;EFNA1;TGM2;MYH9;ERRFI1;KDM3A;ENO2;PNRC1;AMPD3;TIPARP;DDIT3;S100A4;GAPDH;AKAP12;ALDOA;ETS1;TPBG;MXI1;ENO1;KLF7;SULT2B1;WSB1;NFIL3;GBE1;ZNF292;XPNPEP1;UGP2;TNFAIP3;CCNG2;GPI;EFNA3;KDELR3;CCN2;F3;MAP3K1;SCARB1;ILVBL;PDGFB;PFKL;HDLBP;MAFF	REC_up	Hypoxia	targeted	1	4
iREC	targeted_predeclared	10824	2000	HALLMARK_HYPOXIA	0.591899287979912	2.594546473221472	0.0	0.0	0.0	77/142	17.12%	NDRG1;PLAC8;P4HA1;TGM2;PLAUR;ZNF292;DDIT4;STBD1;VEGFA;DDIT3;KDM3A;GBE1;LDHA;PGK1;WSB1;P4HA2;HK2;TPD52;IGFBP1;STC2;EFNA1;HSPA5;PDK1;PIM1;AMPD3;PLIN2;EXT1;ERO1A;ENO1;MXI1;TPI1;PNRC1;ADM;LARGE1;ALDOA;FAM162A;IRS2;FOXO3;SELENBP1;NFIL3;CDKN1A;UGP2;ACKR3;ENO2;TES;KLF6;ERRFI1;AK4;SULT2B1;CCNG2;PRDX5;XPNPEP1;PRKCA;BTG1;SLC2A1;MT2A;PFKP;PPARGC1A;ILVBL;EGFR;ZFP36;HDLBP;GAPDH;MAP3K1;PCK1;KLF7;RBPJ;CA12;MYH9;PFKFB3;ISG20;NAGK;BNIP3L;NR3C1;CDKN1B;TPBG;KDELR3	REC_up	Hypoxia	targeted	2	4
Hypoxia	targeted_predeclared	12496	2000	HALLMARK_UNFOLDED_PROTEIN_RESPONSE	0.4657573324519742	1.84970048315074	0.0	0.0003679432170403	0.0075	33/105	14.53%	ERO1A;IFIT1;HSPA5;HSP90B1;CALR;TUBB2A;SRPRA;IGFBP1;DDIT4;PDIA6;CHAC1;HYOU1;YWHAZ;SPCS3;DNAJB9;XBP1;SERP1;ATF3;ATF4;KDELR3;SEC11A;SPCS1;YIF1A;SSR1;CEBPB;EEF2;HERPUD1;POP4;DCTN1;ATP6V0D1;SHC1;DNAJC3;VEGFA	REC_up	UPR	targeted	0	5
UPR	targeted_predeclared	10358	2000	HALLMARK_UNFOLDED_PROTEIN_RESPONSE	0.5192749222171915	2.0972558104930483	0.0	0.0	0.0	50/94	28.37%	ERO1A;HSPA5;VEGFA;DDIT4;DNAJB9;HYOU1;HSP90B1;CALR;YWHAZ;DNAJC3;SSR1;XPOT;HERPUD1;SRPRA;ATF4;CEBPB;IFIT1;NABP1;SHC1;SPCS3;SEC11A;CEBPG;EIF2AK3;EDEM1;ERN1;ALDH18A1;PDIA6;EEF2;SEC31A;KDELR3;POP4;YIF1A;EIF4A2;SPCS1;STC2;EXOC2;XBP1;SERP1;MTHFD2;ATP6V0D1;DCTN1;GOSR2;ARFGAP1;SLC7A5;EIF4E;ATF3;PSAT1;LSM4;EXOSC4;DCP2	REC_up	UPR	targeted	1	5
iREC	targeted_predeclared	10824	2000	HALLMARK_UNFOLDED_PROTEIN_RESPONSE	0.4903408313830582	2.008494627703527	0.0	5.348642336286973e-05	0.0005	48/98	23.64%	HYOU1;DDIT4;VEGFA;DNAJC3;HSP90B1;HERPUD1;IGFBP1;STC2;CHAC1;HSPA5;CEBPB;SRPRA;SERP1;ERO1A;XBP1;NABP1;CEBPG;ALDH18A1;EIF2AK3;XPOT;CALR;PDIA6;DNAJB9;SSR1;ERN1;SEC31A;YWHAZ;EIF4A2;IFIT1;ATP6V0D1;KDELR3;PREB;LSM4;POP4;MTHFD2;CNOT2;HSPA9;ATF4;ARFGAP1;PSAT1;SHC1;SEC11A;EIF4EBP1;DCP2;DCP1A;PDIA5;YIF1A;KIF5B	REC_up	UPR	targeted	2	5
Hypoxia	targeted_predeclared	12496	2000	HALLMARK_GLYCOLYSIS	0.4661070406948332	1.9490180896245928	0.0	0.0001294615022919	0.0025	57/163	17.66%	QSOX1;CLDN3;DSC2;P4HA2;ERO1A;IGFBP3;ISG20;SLC16A3;HSPA5;LDHA;RBCK1;EGLN3;CHPF;DDIT4;SRD5A3;IL13RA1;ANG;TFF3;B4GALT1;HK2;AGRN;GPC1;ANGPTL4;B3GNT3;TGFA;GLRX;TPBG;MIF;SOX9;ENO2;TPI1;B4GALT4;COPB2;UGP2;KDELR3;PGAM1;ALDOA;SPAG4;EFNA3;PGK1;SDC1;TXN;GALE;CAPN5;HDLBP;PLOD2;PKM;SAP30;VEGFA;PGLS;ENO1;VLDLR;PAM;TALDO1;P4HA1;CITED2;PFKP	REC_up	Glycolysis	targeted	0	6
UPR	targeted_predeclared	10358	2000	HALLMARK_GLYCOLYSIS	0.4871614406696461	2.082828420713849	0.0	0.0	0.0	57/141	19.71%	CLDN3;QSOX1;TFF3;LDHA;PLOD2;EGLN3;ERO1A;ISG20;HSPA5;DSC2;P4HA2;SLC16A3;VEGFA;PGK1;RBCK1;DDIT4;PAM;B4GALT1;HK2;MIF;P4HA1;SOX9;TPI1;PFKP;AGRN;TGFA;IL13RA1;ENO2;PKM;ALDOA;CHPF;TPBG;MXI1;ENO1;B3GNT3;COPB2;ZNF292;HAX1;UGP2;GFPT1;BIK;EFNA3;KDELR3;B4GALT4;MET;PGAM1;HDLBP;SRD5A3;PSMC4;ANG;ME1;GCLC;STC2;GALE;CAPN5;GLRX;PLOD1	REC_up	Glycolysis	targeted	1	6
iREC	targeted_predeclared	10824	2000	HALLMARK_GLYCOLYSIS	0.462345436208423	2.036957678849261	0.0	5.8835065699156695e-05	0.0005	56/149	18.60%	PLOD2;P4HA1;TFF3;CLDN3;GFPT1;ZNF292;DDIT4;VEGFA;EGLN3;LDHA;PGK1;RBCK1;SLC35A3;P4HA2;HK2;SLC16A3;STC2;QSOX1;HSPA5;CAPN5;EXT1;ANG;ERO1A;ENO1;MXI1;TPI1;ALDOA;FAM162A;PYGB;IRS2;SPAG4;DSC2;UGP2;ENO2;GNE;AK4;ME1;B3GNT3;COPB2;CHPF;FKBP4;PFKP;EGFR;ELF3;HDLBP;SRD5A3;IL13RA1;NDUFV3;ISG20;HS2ST1;TPBG;KDELR3;GLRX;ARPP19;HAX1;PGAM1	REC_up	Glycolysis	targeted	2	6
Hypoxia	targeted_predeclared	12496	2000	HALLMARK_E2F_TARGETS	-0.595646031028459	-3.0313340793314603	0.0	0.0	0.0	100/182	18.34%	MMS22L;CHEK2;CENPE;TOP2A;BUB1B;PRKDC;CSE1L;LUC7L3;LMNB1;MCM7;RFC3;ATAD2;PAICS;CIT;KIF4A;NUP153;ORC6;HELLS;NUP205;SRSF1;CTPS1;RRM2;RAD51AP1;TACC3;KIF18B;EZH2;ORC2;LBR;UBE2T;KIF22;NOP56;SMC4;MYC;ILF3;MELK;DIAPH3;ASF1B;NUP107;BRCA2;PLK4;CKS2;GINS4;WDR90;CDC20;SRSF2;HMGB2;DNMT1;POLE;MRE11;HNRNPD;RACGAP1;AURKA;NME1;MCM4;NASP;AURKB;ESPL1;NOLC1;DEPDC1;PLK1;PDS5B;GINS1;BRCA1;BRMS1L;IPO7;TRA2B;GSPT1;MCM5;CDK1;SPAG5;CBX5;POLA2;BARD1;AK2;MCM6;RAD50;TIPIN;MSH2;WEE1;CHEK1;TBRG4;MKI67;DLGAP5;PNN;STAG1;KIF2C;HMMR;PSIP1;RPA2;NCAPD2;EXOSC8;KPNA2;UNG;XPO1;CDCA8;CENPM;PA2G4;TFRC;EED;CDKN3	REC_down	E2F targets	targeted	0	7
UPR	targeted_predeclared	10358	2000	HALLMARK_E2F_TARGETS	-0.4882895438533264	-2.34545609429112	0.0	0.0	0.0	83/155	25.60%	CKS2;MMS22L;CENPE;PRKDC;MYC;CHEK2;ILF3;RFC3;MRE11;MELK;KIF18B;TOP2A;SHMT1;HELLS;UBE2T;ATAD2;ORC6;CIT;CSE1L;BRMS1L;PRIM2;NASP;RAD51AP1;BRCA1;KIF4A;BUB1B;TRA2B;SRSF1;SRSF2;CBX5;LMNB1;TACC3;CTPS1;MSH2;MCM7;MKI67;PAICS;RRM2;DIAPH3;NUP205;POLD2;CHEK1;WDR90;LBR;NUP107;RACGAP1;GINS1;HMGB2;NME1;CDK1;DNMT1;KIF22;MLH1;AURKB;LUC7L3;RAD50;ORC2;CCP110;PTTG1;EZH2;NCAPD2;RAD1;NOP56;PPM1D;MCM6;PSIP1;SLBP;DSCC1;PNN;KIF2C;POLA2;PAN2;RBBP7;NUP153;EXOSC8;MCM4;PA2G4;STAG1;AURKA;LYAR;SMC4;STMN1;PDS5B	REC_down	E2F targets	targeted	1	7
iREC	targeted_predeclared	10824	2000	HALLMARK_E2F_TARGETS	-0.5384233400953327	-2.5670080696799924	0.0	0.0	0.0	83/157	23.11%	ILF3;NASP;GSPT1;PRKDC;NOP56;MCM4;MCM3;TOP2A;ATAD2;MMS22L;RANBP1;HELLS;GINS1;RFC3;KIF4A;MCM7;CENPE;STMN1;RPA2;NME1;NOLC1;BUB1B;CSE1L;MYC;PRPS1;UNG;DCTPP1;PNN;CDK1;ORC6;POLA2;DNMT1;CHEK2;AURKA;PAICS;CKS2;SRSF2;XRCC6;IPO7;MKI67;KIF22;RFC2;KPNA2;CTPS1;BIRC5;TACC3;LBR;CENPM;CIT;HMGB3;NUP153;MRE11;POLD2;NUP205;RAN;NAP1L1;SMC4;LYAR;TRA2B;DUT;RBBP7;RRM2;TUBB;SYNCRIP;WDR90;CBX5;LMNB1;MLH1;CDK4;PPP1R8;PTTG1;NBN;PRIM2;CDC25B;POLE;CHEK1;KIF18B;BRCA1;SPC25;RPA1;RAD50;SSRP1;PA2G4	REC_down	E2F targets	targeted	2	7
Hypoxia	targeted_predeclared	12496	2000	HALLMARK_G2M_CHECKPOINT	-0.5919642185980066	-3.0420960598983084	0.0	0.0	0.0	96/181	16.13%	MAP3K20;UCK2;UBE2C;CENPE;TOP2A;LMNB1;TPX2;PRC1;KIF23;TROAP;KIF4A;WRN;RAD54L;KNL1;CENPA;ORC6;DBF4;KIF20B;SRSF1;ABL1;SRSF10;NSD2;POLQ;TACC3;EZH2;LBR;KIF22;SMC4;CUL4A;SMARCC1;MYC;CDC6;ILF3;FANCC;BUB1;KIF15;BRCA2;PLK4;TTK;CKS2;E2F3;NUSAP1;STIL;CENPF;CHAF1A;MNAT1;KIF11;CDC20;SRSF2;RBL1;POLE;HNRNPD;RACGAP1;RASAL2;AURKA;ODC1;NASP;AURKB;ESPL1;ORC5;NOLC1;PLK1;FOXN3;PDS5B;SLC7A1;SLC38A1;INCENP;SFPQ;TNPO2;CUL5;TRA2B;GSPT1;G3BP1;MCM5;SLC12A2;CDK1;POLA2;BARD1;CDC27;MCM6;PRMT5;MAPK14;CHEK1;MKI67;CCNF;DKC1;FBXO5;STAG1;MTF2;KIF2C;HMMR;NDC80;RPA2;SNRPD1;KPNA2;RBM14	REC_down	G2M checkpoint	targeted	0	8
UPR	targeted_predeclared	10358	2000	HALLMARK_G2M_CHECKPOINT	-0.4372035456882693	-2.1053095812236644	0.0	0.000273360973165	0.0015	83/158	28.79%	MAP3K20;MNAT1;CKS2;UCK2;CENPE;DMD;KIF20B;MYC;BUB1;ILF3;SLC12A2;ODC1;ABL1;KIF15;TOP2A;CENPF;RASAL2;TTK;KNL1;DBF4;POLQ;FANCC;ORC6;NUSAP1;SMARCC1;PRIM2;NASP;CDC27;WRN;KIF4A;PRC1;TRA2B;SRSF1;SRSF2;EGF;LMNB1;TACC3;SRSF10;RBL1;MKI67;UBE2C;TPX2;E2F3;CHEK1;LBR;RACGAP1;CDK1;KIF22;AURKB;STIL;DTYMK;KIF11;PTTG1;MEIS2;EZH2;CUL4A;NDC80;CHAF1A;FOXN3;MCM6;ORC5;KIF2C;MEIS1;ATRX;POLA2;HNRNPU;SQLE;NSD2;STAG1;AURKA;SMC4;CUL5;STMN1;PDS5B;TFDP1;POLE;HIRA;NOTCH2;ODF2;DKC1;NCL;TGFB1;MTF2	REC_down	G2M checkpoint	targeted	1	8
iREC	targeted_predeclared	10824	2000	HALLMARK_G2M_CHECKPOINT	-0.5400055378502047	-2.556098499632035	0.0	0.0	0.0	91/159	25.69%	TGFB1;ILF3;CENPF;UCK2;NASP;GSPT1;KIF20B;DKC1;SLC12A2;MCM3;TOP2A;MAP3K20;DMD;KIF23;PRMT5;CCND1;KIF4A;CENPE;STMN1;RPA2;SMARCC1;NOLC1;SQLE;MYC;KNL1;ODC1;NUSAP1;RBL1;CDK1;NSD2;E2F3;ORC6;POLA2;CCNF;AURKA;CKS2;SRSF2;MEIS1;CHAF1A;TNPO2;TLE3;SNRPD1;MKI67;KIF22;SFPQ;KIF11;KPNA2;BIRC5;TACC3;LBR;POLQ;HMGB3;G3BP1;SLC7A1;HMGN2;ABL1;SMC4;KIF15;TRA2B;BUB3;PRC1;SRSF10;SYNCRIP;KATNA1;SS18;ATRX;TFDP1;LMNB1;CUL4A;CDK4;ODF2;PTTG1;PRIM2;CDC25B;RASAL2;TENT4A;POLE;CHEK1;NDC80;NCL;MEIS2;UBE2C;TPX2;SLC38A1;HNRNPU;SLC7A5;MNAT1;MCM6;EFNA5;HSPA8;WRN	REC_down	G2M checkpoint	targeted	2	8
Hypoxia	targeted_predeclared	12496	2000	HALLMARK_WNT_BETA_CATENIN_SIGNALING	-0.2324263536195996	-0.8466680123652549	0.7034277198211625	0.9262366020904068	0.997	11/31	22.66%	GNAI1;MYC;LEF1;KAT2A;NKD1;NOTCH1;SKP2;AXIN1;AXIN2;TP53;RBPJ	REC_down	WNT/β-catenin	targeted	0	9
UPR	targeted_predeclared	10358	2000	HALLMARK_WNT_BETA_CATENIN_SIGNALING	0.2479120184801479	0.7623855851563888	0.8084074373484236	0.8841342988808426	1.0	9/25	24.74%	PPARD;ADAM17;NCSTN;MAML1;CSNK1E;CTNNB1;NCOR2;HDAC5;TCF7	REC_up	WNT/β-catenin	targeted	1	9
iREC	targeted_predeclared	10824	2000	HALLMARK_WNT_BETA_CATENIN_SIGNALING	-0.3724310548402013	-1.3043985064223205	0.1167630057803468	0.1253768644874643	0.633	12/30	22.45%	NKD1;LEF1;AXIN2;NOTCH1;MYC;KAT2A;CTNNB1;CCND2;TCF7;PTCH1;JAG1;AXIN1	REC_down	WNT/β-catenin	targeted	2	9
Hypoxia	targeted_predeclared	12496	2000	HALLMARK_MYC_TARGETS_V1	-0.3379265687946578	-1.7278347338616515	0.0	0.0109047333732774	0.0395	70/183	22.46%	CAD;HSPD1;MCM7;RUVBL2;UBA2;EXOSC7;SRSF7;SRSF1;CTPS1;ORC2;SRPK1;HPRT1;DDX21;NOP56;HSPE1;SMARCC1;MYC;EIF3B;PSMD14;NOP16;CDC20;SRSF2;HNRNPD;ODC1;ABCE1;GNL3;NME1;MCM4;NOLC1;PSMA1;TRA2B;GSPT1;G3BP1;MCM5;MCM6;FBL;SNRPA;CCT4;PABPC4;PWP1;CSTF2;HNRNPA2B1;APEX1;SRM;GOT2;SNRPD1;CCT2;KPNA2;NCBP1;PRDX3;XPO1;UBE2E1;PA2G4;CCNA2;SF3B3;NHP2;COPS5;LSM2;SNRPA1;HNRNPR;TOMM70;POLD2;DHX15;CLNS1A;SSBP1;IMPDH2;MRPL23;RANBP1;CCT3;MAD2L1	REC_down	MYC targets	targeted	0	10
UPR	targeted_predeclared	10358	2000	HALLMARK_MYC_TARGETS_V1	-0.1550193264559848	-0.764166117037658	0.982421875	0.8933436603034307	1.0	42/173	24.30%	HSPE1;HSPD1;SRPK1;RUVBL2;MYC;CAD;SRSF7;ODC1;PSMA1;SMARCC1;PABPC4;SRM;TRA2B;SRSF1;PTGES3;SRSF2;ABCE1;CTPS1;PSMD14;MCM7;EXOSC7;POLD2;HPRT1;SF3B3;NME1;PWP1;CCT4;ORC2;EIF3B;NOP16;SNRPA;NOP56;TOMM70;PRPS2;MCM6;HNRNPU;UBA2;NCBP1;MCM4;APEX1;TCP1;PA2G4	REC_down	MYC targets	targeted	1	10
iREC	targeted_predeclared	10824	2000	HALLMARK_MYC_TARGETS_V1	-0.3716850599698871	-1.8012726629211977	0.0	0.0028562361155188	0.02	77/173	27.92%	CAD;RUVBL2;GSPT1;NOP56;MCM4;SRM;RANBP1;NHP2;SNRPA;MCM7;EIF3B;NME1;PABPC4;SMARCC1;FBL;NOLC1;PSMA1;ETF1;MYC;UBA2;ODC1;EXOSC7;LSM2;NOP16;DHX15;SRSF2;HNRNPA1;XRCC6;APEX1;SNRPD1;SRSF7;KPNA2;SRPK1;CTPS1;DDX18;TRIM28;HNRNPR;POLD2;G3BP1;TYMS;C1QBP;RAN;NAP1L1;TRA2B;BUB3;PSMD14;DUT;DDX21;CCT2;SYNCRIP;TFDP1;PWP1;PRDX3;SSB;CCT3;CDK4;COPS5;YWHAQ;CBX3;PPIA;SERBP1;PA2G4;EIF3J;HNRNPU;SF3B3;HNRNPA2B1;PSMD8;MCM6;PRPF31;VDAC3;NPM1;GNL3;RAD23B;SRSF3;HNRNPC;ORC2;CCT4	REC_down	MYC targets	targeted	2	10
Hypoxia	targeted_predeclared	12496	2000	HALLMARK_FATTY_ACID_METABOLISM	0.2396710009951196	0.9769431759840128	0.511854103343465	0.5086221360526463	1.0	28/130	20.69%	HPGD;S100A10;LDHA;UBE2L6;RETSAT;TP53INP2;SERINC1;MIF;GLUL;ENO2;PSME1;OSTC;ERP29;GABARAPL1;GPD2;ALDOA;MGLL;VNN1;YWHAH;PDHB;HMGCL;NTHL1;ACAA1;HSD17B11;NCAPH2;ECI1;BPHL;HSD17B10	REC_up	Fatty-acid metabolism	targeted	0	11
UPR	targeted_predeclared	10358	2000	HALLMARK_FATTY_ACID_METABOLISM	-0.1941500442465703	-0.8986006831163486	0.7323420074349443	0.7648900372942471	0.9985	21/116	12.95%	HSPH1;HIBCH;MAOA;HMGCS2;ODC1;SUCLG2;RAP1GDS1;ALDH1A1;HMGCS1;METAP1;SUCLG1;UROS;AADAT;PTPRG;ACSM3;HSDL2;D2HGDH;HSD17B4;HSP90AA1;HSD17B7;ACADM	REC_down	Fatty-acid metabolism	targeted	1	11
iREC	targeted_predeclared	10824	2000	HALLMARK_FATTY_ACID_METABOLISM	0.3264434415104389	1.380333216093146	0.0239938080495356	0.0656785128146901	0.6345	33/119	21.47%	FABP1;LDHA;UGDH;GPD2;ALDOA;ETFDH;HSD17B11;ACSL5;ENO2;SMS;TP53INP2;HPGD;RETSAT;ME1;HMGCS2;ACOT8;ACADM;PDHA1;ADIPOR2;OSTC;PDHB;GLUL;MGLL;ECI1;ACOX1;SDHA;SERINC1;NCAPH2;IDH3G;S100A10;MIF;MAOA;GABARAPL1	REC_up	Fatty-acid metabolism	targeted	2	11
Hypoxia	targeted_predeclared	12496	2000	PENGWINKLER_PALMITATE_UP_TOP100	0.2910464636348428	1.0855294016898702	0.3249516441005802	0.3380887132355226	0.9995	18/73	16.66%	SLC16A3;MAL2;LDHA;RHOB;DSTN;ANGPTL4;TTC9;ID1;MTUS1;CPE;PGRMC1;LRATD1;PLAT;HSPB1;ARHGAP27;MACC1;FOSL2;CASP3	REC_up	Palmitate response	targeted	0	12
UPR	targeted_predeclared	10358	2000	PENGWINKLER_PALMITATE_UP_TOP100	0.3306859682654296	1.240834833939993	0.1491022638563622	0.1499811169285188	0.919	17/63	16.52%	LDHA;SLC16A3;MAL2;NEBL;PGRMC1;PTPRB;MTUS1;CPE;DSTN;MACC1;RHOB;EPB41L1;ID1;PSMC3;WWC2;TTC9;CLMN	REC_up	Palmitate response	targeted	1	12
iREC	targeted_predeclared	10824	2000	PENGWINKLER_PALMITATE_UP_TOP100	0.2731309055206601	1.048765928164075	0.3767403767403767	0.4046782791634724	0.999	20/66	18.87%	PIP5K1B;MAL2;LDHA;SLC16A3;PLIN2;EPB41L1;CPE;HSPB1;PTPRB;LRATD1;HIF1A;MTUS1;STON2;MACC1;TFRC;NEBL;CLMN;WWC2;ARHGAP27;PMM1	REC_up	Palmitate response	targeted	2	12
Hypoxia	full_gobp_discovery	12496	1000	GOBP_EPITHELIAL_STRUCTURE_MAINTENANCE	0.7483639501025482	2.3037446208249177	0.0	0.0	0.0	13/30	10.33%	MUC13;LSR;MUC4;TFF1;CXADR;MUC2;TFF3;INAVA;SOX9;RBP4;PKP3;TFF2;NOD2	REC_up	Epithelial structure maintenance	transcriptome-wide discovery	0	13
UPR	full_gobp_discovery	10358	1000	GOBP_EPITHELIAL_STRUCTURE_MAINTENANCE	0.7054675851580358	2.109450262712952	0.0	0.0003874012008254	0.031	9/22	8.58%	LSR;TFF3;MUC13;CXADR;INAVA;SOX9;TFF1;MUC4;PKP3	REC_up	Epithelial structure maintenance	transcriptome-wide discovery	1	13
iREC	full_gobp_discovery	10824	1000	GOBP_EPITHELIAL_STRUCTURE_MAINTENANCE	0.6622938508399591	1.989011977380104	0.0	0.0211084293246231	0.333	7/22	6.79%	MUC13;CXADR;TFF3;MUC4;LSR;TFF1;NR1I2	REC_up	Epithelial structure maintenance	transcriptome-wide discovery	2	13
Hypoxia	full_gobp_discovery	12496	1000	GOBP_HOMOTYPIC_CELL_CELL_ADHESION	0.6539214907378967	2.403853187616409	0.0	0.0	0.0	36/69	17.97%	CEACAM1;PLAUR;JUP;CDHR5;CLIC1;DSP;F11R;MYL12A;DSC2;DSG2;PDIA3;CEACAM5;CXADR;ACTB;STXBP1;RAP2B;GNAS;CD99;CD9;CTNNA3;ACTG1;HSPB1;TJP2;IL6R;CDHR2;CSRP1;JAK2;SERPINE2;FLNA;PRKCD;ENTPD1;MYL9;TLN1;ILK;IL6ST;ADGRG1	REC_up	Homotypic cell–cell adhesion	transcriptome-wide discovery	0	14
UPR	full_gobp_discovery	10358	1000	GOBP_HOMOTYPIC_CELL_CELL_ADHESION	0.6284729862106387	2.326294720490553	0.0	0.0	0.0	24/59	10.73%	CEACAM1;JUP;CDHR5;DSC2;DSP;CLIC1;MYL12A;CXADR;F11R;DSG2;PLAUR;ACTB;CEACAM5;SERPINE2;PDIA3;RAP2B;SLC7A11;MYH9;TJP2;GNAS;JAK2;FLNA;IL6R;STXBP1	REC_up	Homotypic cell–cell adhesion	transcriptome-wide discovery	1	14
iREC	full_gobp_discovery	10824	1000	GOBP_HOMOTYPIC_CELL_CELL_ADHESION	0.5476257516090142	2.0983710659445705	0.0	0.0041266878267895	0.045	25/64	13.34%	CEACAM1;CXADR;PLAUR;CDHR5;CDHR2;TJP2;SERPINE2;DSP;CEACAM5;PDIA3;PIK3CB;PRKCD;DSC2;HSPB1;JUP;ACTG1;CLIC1;F11R;MYL12A;DSG2;PLPP3;PRKCA;JAK2;IL6R;ACTB	REC_up	Homotypic cell–cell adhesion	transcriptome-wide discovery	2	14
Hypoxia	full_reactome_discovery	12496	1000	REACTOME_TIGHT_JUNCTION_INTERACTIONS	0.8138369013899501	2.2443620124406456	0.0	0.0	0.0	9/18	7.05%	CLDN4;CLDN7;CLDN3;F11R;CLDN18;CLDN23;CRB3;PARD6B;CLDN12	REC_up	Tight-junction interactions	transcriptome-wide discovery	0	15
UPR	full_reactome_discovery	10358	1000	REACTOME_TIGHT_JUNCTION_INTERACTIONS	0.7778640984991662	2.1434905648495963	0.0	0.0004235825302031	0.008	8/16	8.30%	CLDN3;CLDN4;CLDN7;F11R;CRB3;CLDN12;PARD6B;CLDN18	REC_up	Tight-junction interactions	transcriptome-wide discovery	1	15
iREC	full_reactome_discovery	10824	1000	REACTOME_TIGHT_JUNCTION_INTERACTIONS	0.6896217416283706	1.9210228536549576	0.0	0.0250493055881146	0.276	7/17	6.24%	CLDN3;CLDN7;CLDN18;CLDN4;PARD6B;CRB3;F11R	REC_up	Tight-junction interactions	transcriptome-wide discovery	2	15
Hypoxia	full_reactome_discovery	12496	1000	REACTOME_KERATINIZATION	0.8036513870480889	2.7388475692462677	0.0	0.0	0.0	29/40	11.11%	PERP;JUP;DSP;KRT80;KRT19;KRT20;DSC2;KRT16;DSG2;PRSS8;ST14;KLK8;KRT8;KRT17;PPL;PI3;DSG3;SPRR2D;CAPNS1;KRT12;SPRR2A;KRT18;KRT6A;KRT86;PKP3;KRT7;FURIN;CAPN1;KRT23	REC_up	Keratinization	transcriptome-wide discovery	0	16
UPR	full_reactome_discovery	10358	1000	REACTOME_KERATINIZATION	0.7657287438804508	2.4211472140042094	0.0	0.0	0.0	18/27	13.40%	KRT20;KRT19;KRT80;PERP;JUP;DSC2;DSP;KRT8;DSG2;PRSS8;ST14;KRT18;PPL;PKP3;FURIN;KRT10;CAPNS1;CAPN1	REC_up	Keratinization	transcriptome-wide discovery	1	16
iREC	full_reactome_discovery	10824	1000	REACTOME_KERATINIZATION	0.6375751132538015	2.13836251240263	0.0	0.0016253366221295	0.006	15/33	14.48%	PRSS8;KRT19;DSP;KRT16;ST14;KRT20;DSC2;JUP;PI3;DSG2;KRT10;PCSK6;FURIN;KRT7;DSG3	REC_up	Keratinization	transcriptome-wide discovery	2	16
