path	source	sha256
analysis_results/deep_biology_upgrade_2026-08-31/phase2_mechanistic_specificity/alvarez_c8_top50_source.tsv	Frozen source definitions and specifications; see definition registries and THIRD_PARTY_NOTICES.md	70601137d38b6398bd78bb6e31841c42cbd5a768b892b0f5ffa77e2f4dde7036
analysis_results/deep_biology_upgrade_2026-08-31/phase2_mechanistic_specificity/frozen_gene_set_registry.tsv	Frozen source definitions and specifications; see definition registries and THIRD_PARTY_NOTICES.md	2a00ccc030c3fcafba7a74cb58262bae4f91ab2fef5504deea2bd4b68ba2dcb2
analysis_results/deep_biology_upgrade_2026-08-31/phase2_mechanistic_specificity/frozen_gene_sets.gmt	Frozen source definitions and specifications; see definition registries and THIRD_PARTY_NOTICES.md	3232f13c2f3916c3f0f8bd882c93eb4922b9a85642daff17bf5bb83d53db4d4b
analysis_results/deep_biology_upgrade_2026-08-31/phase2_mechanistic_specificity/frozen_gene_sets_long.tsv	Frozen source definitions and specifications; see definition registries and THIRD_PARTY_NOTICES.md	2c40023b4aa0411d4d4cfecd0c6af688f9ed59c2f4d040cf289ed5c92e30039a
analysis_results/deep_biology_upgrade_2026-08-31/phase2_mechanistic_specificity/msigdb_c2.cp.reactome_2025.1.Hs.gmt	Frozen source definitions and specifications; see definition registries and THIRD_PARTY_NOTICES.md	0056a8318733579d4f68402abc0f4dbc113e819ca270b49f24118965965b6be1
analysis_results/deep_biology_upgrade_2026-08-31/phase2_mechanistic_specificity/msigdb_c5.go.bp_2025.1.Hs.gmt	Frozen source definitions and specifications; see definition registries and THIRD_PARTY_NOTICES.md	ab295452e729a49d9defe3832f301841c8b180666d509922d03649c39f7bdb5c
analysis_results/deep_biology_upgrade_2026-08-31/phase2_mechanistic_specificity/msigdb_h.all_2025.1.Hs.gmt	Frozen source definitions and specifications; see definition registries and THIRD_PARTY_NOTICES.md	fd168f123e8a4216991728881afb06bd2ab6699a82c36a80b31be3cb66818fe1
analysis_results/deep_biology_upgrade_2026-08-31/phase2_mechanistic_specificity/ogden_rec_coexistence_lock_provenance.json	Frozen source definitions and specifications; see definition registries and THIRD_PARTY_NOTICES.md	b85a4a2ee0045515be8480cbc454a19c7a9d40963529cb4de35b4a4154580d1f
analysis_results/deep_biology_upgrade_2026-08-31/phase2_mechanistic_specificity/ogden_rec_coexistence_locked_genes.tsv	Frozen source definitions and specifications; see definition registries and THIRD_PARTY_NOTICES.md	afe232241441683e9bfec9d382334ab6af79a75a8c6590ab9b2df369ba59b580
analysis_results/deep_biology_upgrade_2026-08-31/phase2_mechanistic_specificity/ogden_rec_coexistence_pair_registry.tsv	Frozen source definitions and specifications; see definition registries and THIRD_PARTY_NOTICES.md	86ffd7fa6561367a0f1bca783de3e1987b674529e582445017507d54408f476a
analysis_results/deep_biology_upgrade_2026-08-31/phase2_mechanistic_specificity/ogden_regulatory_junction_bridge/ogden_regulatory_junction_lock_provenance.json	Frozen source definitions and specifications; see definition registries and THIRD_PARTY_NOTICES.md	5cf1976cf98e11588da6be6308d68e1fd12904a3413ff32f2d7fb1d5b5975ef0
analysis_results/deep_biology_upgrade_2026-08-31/phase2_mechanistic_specificity/ogden_regulatory_junction_bridge/ogden_regulatory_junction_locked_genes.tsv	Frozen source definitions and specifications; see definition registries and THIRD_PARTY_NOTICES.md	5324e5c4c31afddfd02becdd580673241753aa8dbe96dcf62d463acf5fa9ff40
analysis_results/deep_biology_upgrade_2026-08-31/phase2_mechanistic_specificity/ogden_regulatory_junction_bridge/ogden_regulatory_junction_pair_registry.tsv	Frozen source definitions and specifications; see definition registries and THIRD_PARTY_NOTICES.md	2de164567fc38573a3aa92df712421a1e2eaa480764c7c22b17fbf4588445df1
analysis_results/deep_biology_upgrade_2026-08-31/phase3_external_regulatory_projection/frozen_external_regulatory_gene_set_registry.tsv	Frozen source definitions and specifications; see definition registries and THIRD_PARTY_NOTICES.md	f59d9d246b2112cb82455a6cd22a6cb53e0257716cfc8a05434d9882c90f0bb6
analysis_results/deep_biology_upgrade_2026-08-31/phase3_external_regulatory_projection/frozen_external_regulatory_gene_sets_long.tsv	Frozen source definitions and specifications; see definition registries and THIRD_PARTY_NOTICES.md	b885511f1999f0445e0779f1a4d12f8e9dd8dd2437486d9919fb462899b05180
analysis_results/deep_biology_upgrade_2026-08-31/phase3_external_regulatory_projection/frozen_external_regulatory_named_genes.tsv	Frozen source definitions and specifications; see definition registries and THIRD_PARTY_NOTICES.md	aae12afd78fa31d46f587b66d89ac66870a8176028652cc2731cd77440330dbf
analysis_results/e_mtab_12022_primary_reconstruction.h5ad	GitHub Release companion: https://github.com/Elliott0114/crc-metastatic-growth-pattern-atlas/releases/download/manuscript-2026-09-21/emtab-matrix-inputs-2026-09-21.tar.gz	0a7c7ec4bb2922dfc78372cd7ca3e61056bc9ba2f230a39519924078fc8fb187
analysis_work/e_mtab_12043_spatial_full/Sample1/outs/filtered_feature_bc_matrix.h5	GitHub Release companion: https://github.com/Elliott0114/crc-metastatic-growth-pattern-atlas/releases/download/manuscript-2026-09-21/emtab-matrix-inputs-2026-09-21.tar.gz	2f1194b0e630ea4a0335cbf8fe118ce248279243f31919f6c6193c3fddedeec9
analysis_work/e_mtab_12043_spatial_full/Sample1/outs/spatial/scalefactors_json.json	GitHub Release companion: https://github.com/Elliott0114/crc-metastatic-growth-pattern-atlas/releases/download/manuscript-2026-09-21/emtab-matrix-inputs-2026-09-21.tar.gz	be44a99e57bdc283e3e38b05d06d9688dfac4a67b173968970f5a8da7c6b9127
analysis_work/e_mtab_12043_spatial_full/Sample1/outs/spatial/tissue_positions.csv	GitHub Release companion: https://github.com/Elliott0114/crc-metastatic-growth-pattern-atlas/releases/download/manuscript-2026-09-21/emtab-matrix-inputs-2026-09-21.tar.gz	3e4755cd1f97b40999aeebff394042b7f99c38c832285de2fe9e88c16a2b9571
analysis_work/e_mtab_12043_spatial_full/Sample3/outs/filtered_feature_bc_matrix.h5	GitHub Release companion: https://github.com/Elliott0114/crc-metastatic-growth-pattern-atlas/releases/download/manuscript-2026-09-21/emtab-matrix-inputs-2026-09-21.tar.gz	0167e43f701dd2604229af6580f34c89c909809bbbfe2b135e360df71e111b2c
analysis_work/e_mtab_12043_spatial_full/Sample3/outs/spatial/scalefactors_json.json	GitHub Release companion: https://github.com/Elliott0114/crc-metastatic-growth-pattern-atlas/releases/download/manuscript-2026-09-21/emtab-matrix-inputs-2026-09-21.tar.gz	241c48ca0c418e33f456a028e056b67a45c85e4e34569b2c2d1dac392d0ada50
analysis_work/e_mtab_12043_spatial_full/Sample3/outs/spatial/tissue_positions.csv	GitHub Release companion: https://github.com/Elliott0114/crc-metastatic-growth-pattern-atlas/releases/download/manuscript-2026-09-21/emtab-matrix-inputs-2026-09-21.tar.gz	2874f944efcfd544d4135e985c83ea4f1f5a976c05b4a16b504c378abfaf76b9
analysis_work/e_mtab_12043_spatial_full/Sample4/outs/filtered_feature_bc_matrix.h5	GitHub Release companion: https://github.com/Elliott0114/crc-metastatic-growth-pattern-atlas/releases/download/manuscript-2026-09-21/emtab-matrix-inputs-2026-09-21.tar.gz	efbd7d94ac1c6d3284cb25284b2d914cee0638eec2d9165453a5892f094307af
analysis_work/e_mtab_12043_spatial_full/Sample4/outs/spatial/scalefactors_json.json	GitHub Release companion: https://github.com/Elliott0114/crc-metastatic-growth-pattern-atlas/releases/download/manuscript-2026-09-21/emtab-matrix-inputs-2026-09-21.tar.gz	108fc7c5065ef87c17b4263a23f6a067aafe0288b94f282f52bb3d2a1437e81d
analysis_work/e_mtab_12043_spatial_full/Sample4/outs/spatial/tissue_positions.csv	GitHub Release companion: https://github.com/Elliott0114/crc-metastatic-growth-pattern-atlas/releases/download/manuscript-2026-09-21/emtab-matrix-inputs-2026-09-21.tar.gz	4b61f37e5457c9283bbd48822a889ec2b297c0a9196f3e1b8da42c07ae7575c7
analysis_work/e_mtab_12043_spatial_full/Sample5/outs/filtered_feature_bc_matrix.h5	GitHub Release companion: https://github.com/Elliott0114/crc-metastatic-growth-pattern-atlas/releases/download/manuscript-2026-09-21/emtab-matrix-inputs-2026-09-21.tar.gz	8f200ef50cc1243848807b2712b7d763fbb2ebd3ef2c1698c626736a1ba4c70f
analysis_work/e_mtab_12043_spatial_full/Sample5/outs/spatial/scalefactors_json.json	GitHub Release companion: https://github.com/Elliott0114/crc-metastatic-growth-pattern-atlas/releases/download/manuscript-2026-09-21/emtab-matrix-inputs-2026-09-21.tar.gz	16ef41f49e166c9ce91d01feb6e7f456790e6e849b1b218480d79b47f7274038
analysis_work/e_mtab_12043_spatial_full/Sample5/outs/spatial/tissue_positions.csv	GitHub Release companion: https://github.com/Elliott0114/crc-metastatic-growth-pattern-atlas/releases/download/manuscript-2026-09-21/emtab-matrix-inputs-2026-09-21.tar.gz	4b9421878564586bafa1f1f55af1233a8fea92eb29fec4e5b6e49271006c1523
analysis_work/e_mtab_12043_spatial_full/Sample6/outs/filtered_feature_bc_matrix.h5	GitHub Release companion: https://github.com/Elliott0114/crc-metastatic-growth-pattern-atlas/releases/download/manuscript-2026-09-21/emtab-matrix-inputs-2026-09-21.tar.gz	0600212d6c699f1b3b2f1e162a8e2300dbf5813fa4bd8e5b6256c18dab4220be
analysis_work/e_mtab_12043_spatial_full/Sample6/outs/spatial/scalefactors_json.json	GitHub Release companion: https://github.com/Elliott0114/crc-metastatic-growth-pattern-atlas/releases/download/manuscript-2026-09-21/emtab-matrix-inputs-2026-09-21.tar.gz	f7127eee53f9d29b79e08978648dd5007b2961191d7058a2248c3aef60658885
analysis_work/e_mtab_12043_spatial_full/Sample6/outs/spatial/tissue_positions.csv	GitHub Release companion: https://github.com/Elliott0114/crc-metastatic-growth-pattern-atlas/releases/download/manuscript-2026-09-21/emtab-matrix-inputs-2026-09-21.tar.gz	7ee927b81f42a1f7c28f05a7f4a31dcc12290ecf91303d4bf1abda5cd35b6517
analysis_work/e_mtab_12043_spatial_full/Sample7/outs/filtered_feature_bc_matrix.h5	GitHub Release companion: https://github.com/Elliott0114/crc-metastatic-growth-pattern-atlas/releases/download/manuscript-2026-09-21/emtab-matrix-inputs-2026-09-21.tar.gz	c3509ef880049f6a0130132e55610a03e8877c53d804dc243295430835613c4b
analysis_work/e_mtab_12043_spatial_full/Sample7/outs/spatial/scalefactors_json.json	GitHub Release companion: https://github.com/Elliott0114/crc-metastatic-growth-pattern-atlas/releases/download/manuscript-2026-09-21/emtab-matrix-inputs-2026-09-21.tar.gz	5e026dea3d794d089c5705cea2dd5b5b5a325e2f3533a8e299a4d4a22fe9348e
analysis_work/e_mtab_12043_spatial_full/Sample7/outs/spatial/tissue_positions.csv	GitHub Release companion: https://github.com/Elliott0114/crc-metastatic-growth-pattern-atlas/releases/download/manuscript-2026-09-21/emtab-matrix-inputs-2026-09-21.tar.gz	2c13316a23b0501795fc46f24b35c36650f0de50d46b27863ef5ec20717c3fbb
data_sources/AlvarezVillanueva_2026_tight_junction/41467_2025_68169_MOESM5_ESM.xlsx	https://doi.org/10.1038/s41467-025-68169-3 ; supplementary table MOESM5	cf18172b904688740c79267e4f43a69c4d9d3dcf4fbb8ee5c403aa724e929afb
data_sources/Borrelli_2024_PlexinB2_KLF4/GSE267981/GSM8282884_rPlxnb2_filtered_feature_bc_matrix.h5	https://www.ncbi.nlm.nih.gov/geo/query/acc.cgi?acc=GSE267981	49fb80760756b47c7d9bd427101f706e53c3d79d8f30eb909309b38f1b5760ac
data_sources/Borrelli_2024_PlexinB2_KLF4/GSE267981/GSM8282885_ctrl_filtered_feature_bc_matrix.h5	https://www.ncbi.nlm.nih.gov/geo/query/acc.cgi?acc=GSE267981	bcd93382bb92634448dac05dacb9135061b1832070b7f2e77e6592ca29832ca2
data_sources/CRC_Atlas_CZI_core/crc_atlas_core_czi.h5ad	https://datasets.cellxgene.cziscience.com/4a8b9568-965e-46b8-a427-baab6bf018e5.h5ad	718774363933b57c6a4661e8aaf0ee7d86b717b047442afe6457c01986789ac6
data_sources/E_MTAB_HGP_CRLM/E-MTAB-12043_L1_spatial_pilot_download_manifest.tsv	GitHub Release companion: https://github.com/Elliott0114/crc-metastatic-growth-pattern-atlas/releases/download/manuscript-2026-09-21/emtab-matrix-inputs-2026-09-21.tar.gz	d2fd46cb09c7d627f14e62726c8b9a0b1479f0c9acd235ebc072c59aa70b6cca
data_sources/EscrivaConde_BJC_2026_HGP_ISS/prepared_cells_panel_2.h5ad	https://crclm2.serve.scilifelab.se/iss_panel_2.tmap?dl=1 ; extract files/prepared_cells_panel_2.h5ad	aa3996b2728f590bbaf8de58812ad443a95d40ffe5909c7b59f53e11b1f9bffb
data_sources/GSE151165/GSE151165_RNA_seq.raw_read_count.xlsx	https://www.ncbi.nlm.nih.gov/geo/query/acc.cgi?acc=GSE151165	70df31bb05e9a5b4669440dc7ed39b27226961cacd33d5a714953f68d771b10f
data_sources/Goto_2026_GATA6/GSE290752/GSE290752_ngoto_RNAseq_met_Ct.txt.gz	https://www.ncbi.nlm.nih.gov/geo/query/acc.cgi?acc=GSE290753 ; GSE290752 ; Ensembl release 101 GRCm38 annotation	1bc544aa7f8fa97740763987a17fa0a8126aa8c50519b79be29dcf0e3e44cccc
data_sources/Goto_2026_GATA6/GSE290752/GSE290752_series_matrix.txt.gz	https://www.ncbi.nlm.nih.gov/geo/query/acc.cgi?acc=GSE290753 ; GSE290752 ; Ensembl release 101 GRCm38 annotation	c7643322ccdc31392c9ae46b60ae65082efb21f70d4a08b81d8696c7a9e745e9
data_sources/Goto_2026_GATA6/GSE290753/GSE290753_ngoto_RNAseq_GATA6KO_Ct.txt.gz	https://www.ncbi.nlm.nih.gov/geo/query/acc.cgi?acc=GSE290753 ; GSE290752 ; Ensembl release 101 GRCm38 annotation	0420201980593ae33e984ccff1f0105a17981e2e5960fe3259716e4f7f8dd3ae
data_sources/Goto_2026_GATA6/GSE290753/GSE290753_series_matrix.txt.gz	https://www.ncbi.nlm.nih.gov/geo/query/acc.cgi?acc=GSE290753 ; GSE290752 ; Ensembl release 101 GRCm38 annotation	684b0120e2bb5021d7483adffa23608932c8af539002709c82eae614b093adeb
data_sources/Goto_2026_GATA6/reference/Mus_musculus.GRCm38.101.gtf.gz	https://www.ncbi.nlm.nih.gov/geo/query/acc.cgi?acc=GSE290753 ; GSE290752 ; Ensembl release 101 GRCm38 annotation	c19fe320e0f775efa0eb9624862e44d4337368e018e8fe10182db9e3b0cdd2e3
data_sources/Latacz_2024_targeted_HGP_interface/SupplTablesLataczforupload.xlsx	https://doi.org/10.1007/s10585-024-10319-w ; supplementary coefficient workbook	2eacfb8ef87d38311fd7f9bf01bac114594eac9a03a768db599e659a16642e28
data_sources/Liu_2026_GSE294385/extracted/IX_56688/filtered_feature_bc_matrix/barcodes.tsv.gz	https://www.ncbi.nlm.nih.gov/geo/query/acc.cgi?acc=GSE294385 ; extract sample matrix folders; author annotation: https://github.com/yliuup/CRC_micromets_ST	84b9e86d6db786f2f138b86ecf2114d4b704762288faff194c14b4ca232ca86e
data_sources/Liu_2026_GSE294385/extracted/IX_56688/filtered_feature_bc_matrix/features.tsv.gz	https://www.ncbi.nlm.nih.gov/geo/query/acc.cgi?acc=GSE294385 ; extract sample matrix folders; author annotation: https://github.com/yliuup/CRC_micromets_ST	6fdb227d443659ff95cb7644e4394fafc3ac8e1d80b2017abec64329f03a1be5
data_sources/Liu_2026_GSE294385/extracted/IX_56688/filtered_feature_bc_matrix/matrix.mtx.gz	https://www.ncbi.nlm.nih.gov/geo/query/acc.cgi?acc=GSE294385 ; extract sample matrix folders; author annotation: https://github.com/yliuup/CRC_micromets_ST	51259e4c6ed9dace2a68ff67b19cb5792fe77f3c1b97aa271189bb8c4045ce2a
data_sources/Liu_2026_GSE294385/extracted/IX_56688/spatial/tissue_positions.csv	https://www.ncbi.nlm.nih.gov/geo/query/acc.cgi?acc=GSE294385 ; extract sample matrix folders; author annotation: https://github.com/yliuup/CRC_micromets_ST	b78d84e381e137bbe9668fc5d7c2b134e61e2d33277a724d2266260ed3c51c28
data_sources/Liu_2026_GSE294385/extracted/IX_56689/filtered_feature_bc_matrix/barcodes.tsv.gz	https://www.ncbi.nlm.nih.gov/geo/query/acc.cgi?acc=GSE294385 ; extract sample matrix folders; author annotation: https://github.com/yliuup/CRC_micromets_ST	9ebbd8b61c4a0695f304fa5c9112eb5adb577f9855fb6b72d33d4b847c1be5ec
data_sources/Liu_2026_GSE294385/extracted/IX_56689/filtered_feature_bc_matrix/features.tsv.gz	https://www.ncbi.nlm.nih.gov/geo/query/acc.cgi?acc=GSE294385 ; extract sample matrix folders; author annotation: https://github.com/yliuup/CRC_micromets_ST	d3aaea277b8cb89fb1e6ff683270d63cb4f6237ed9953ac05f529f9c426d2de0
data_sources/Liu_2026_GSE294385/extracted/IX_56689/filtered_feature_bc_matrix/matrix.mtx.gz	https://www.ncbi.nlm.nih.gov/geo/query/acc.cgi?acc=GSE294385 ; extract sample matrix folders; author annotation: https://github.com/yliuup/CRC_micromets_ST	b9b80bf129c4a42d561be42f8bec326250e0546bb84f2173dfce0c2031a8f1fb
data_sources/Liu_2026_GSE294385/extracted/IX_56689/spatial/tissue_positions.csv	https://www.ncbi.nlm.nih.gov/geo/query/acc.cgi?acc=GSE294385 ; extract sample matrix folders; author annotation: https://github.com/yliuup/CRC_micromets_ST	9f00200a0ef3391aa5d0fbff74ab314efcbbf987719f1717881b22965e75daf5
data_sources/Liu_2026_GSE294385/extracted/IX_56690/filtered_feature_bc_matrix/barcodes.tsv.gz	https://www.ncbi.nlm.nih.gov/geo/query/acc.cgi?acc=GSE294385 ; extract sample matrix folders; author annotation: https://github.com/yliuup/CRC_micromets_ST	0f5cb9c9818e409fd932d74e10f4acb72ed69b387c9bd47efe382619fe3f40d8
data_sources/Liu_2026_GSE294385/extracted/IX_56690/filtered_feature_bc_matrix/features.tsv.gz	https://www.ncbi.nlm.nih.gov/geo/query/acc.cgi?acc=GSE294385 ; extract sample matrix folders; author annotation: https://github.com/yliuup/CRC_micromets_ST	112cc789930103c03225ccde9cefe4cbfbb72c4515658d8f12285b7f9949e5a6
data_sources/Liu_2026_GSE294385/extracted/IX_56690/filtered_feature_bc_matrix/matrix.mtx.gz	https://www.ncbi.nlm.nih.gov/geo/query/acc.cgi?acc=GSE294385 ; extract sample matrix folders; author annotation: https://github.com/yliuup/CRC_micromets_ST	d192c32b552e4dc7f38172ef24260ad468035e5fa11b7bd0cf3e8052d5ad9300
data_sources/Liu_2026_GSE294385/extracted/IX_56690/spatial/tissue_positions.csv	https://www.ncbi.nlm.nih.gov/geo/query/acc.cgi?acc=GSE294385 ; extract sample matrix folders; author annotation: https://github.com/yliuup/CRC_micromets_ST	cf14aeed7c860cc005bdd172970e11212f2b62baf0d904253e19eeb63a857733
data_sources/Liu_2026_GSE294385/extracted/M-ST-05/filtered_feature_bc_matrix/barcodes.tsv.gz	https://www.ncbi.nlm.nih.gov/geo/query/acc.cgi?acc=GSE294385 ; extract sample matrix folders; author annotation: https://github.com/yliuup/CRC_micromets_ST	e640c37a776bd1b996367b05053dd5c7fa50dbf2b5d02f1769f6c9350ffdfa71
data_sources/Liu_2026_GSE294385/extracted/M-ST-05/filtered_feature_bc_matrix/features.tsv.gz	https://www.ncbi.nlm.nih.gov/geo/query/acc.cgi?acc=GSE294385 ; extract sample matrix folders; author annotation: https://github.com/yliuup/CRC_micromets_ST	4c2ee816a1dc25f014a88a6d35619b7a0e01e9b7f3523426d6e8057423232cc6
data_sources/Liu_2026_GSE294385/extracted/M-ST-05/filtered_feature_bc_matrix/matrix.mtx.gz	https://www.ncbi.nlm.nih.gov/geo/query/acc.cgi?acc=GSE294385 ; extract sample matrix folders; author annotation: https://github.com/yliuup/CRC_micromets_ST	cfaddca30c6332b0eaaf3c55369dde048e2edf333944de6eb57224a2d3f5ab88
data_sources/Liu_2026_GSE294385/extracted/M-ST-05/spatial/tissue_positions.csv	https://www.ncbi.nlm.nih.gov/geo/query/acc.cgi?acc=GSE294385 ; extract sample matrix folders; author annotation: https://github.com/yliuup/CRC_micromets_ST	4b6be92963e0193bd4b2a0176036746435cd552f90adb9e64ea5fa2cacdf3490
data_sources/Liu_2026_GSE294385/extracted/M-ST-06/filtered_feature_bc_matrix/barcodes.tsv.gz	https://www.ncbi.nlm.nih.gov/geo/query/acc.cgi?acc=GSE294385 ; extract sample matrix folders; author annotation: https://github.com/yliuup/CRC_micromets_ST	672c2d31cf3c28b9a312047567b8842b762449214c6f10c1fa35cf9fab38d967
data_sources/Liu_2026_GSE294385/extracted/M-ST-06/filtered_feature_bc_matrix/features.tsv.gz	https://www.ncbi.nlm.nih.gov/geo/query/acc.cgi?acc=GSE294385 ; extract sample matrix folders; author annotation: https://github.com/yliuup/CRC_micromets_ST	7df9285673033be91ddc0a84bbfbd40131b72afb7a97f0b6ba214fe974bf70f1
data_sources/Liu_2026_GSE294385/extracted/M-ST-06/filtered_feature_bc_matrix/matrix.mtx.gz	https://www.ncbi.nlm.nih.gov/geo/query/acc.cgi?acc=GSE294385 ; extract sample matrix folders; author annotation: https://github.com/yliuup/CRC_micromets_ST	5a404c7e48df6c65b8d28b49973a820f75c4661f6b7534b3d2ff99bb346d081b
data_sources/Liu_2026_GSE294385/extracted/M-ST-06/spatial/tissue_positions.csv	https://www.ncbi.nlm.nih.gov/geo/query/acc.cgi?acc=GSE294385 ; extract sample matrix folders; author annotation: https://github.com/yliuup/CRC_micromets_ST	c63d02276d503b52976e9a31d76afcd0db06118a3eb2deccc642fdd2a2e62fa8
data_sources/Liu_2026_GSE294385/extracted/M-ST-07/filtered_feature_bc_matrix/barcodes.tsv.gz	https://www.ncbi.nlm.nih.gov/geo/query/acc.cgi?acc=GSE294385 ; extract sample matrix folders; author annotation: https://github.com/yliuup/CRC_micromets_ST	25c49ce02eb23c0380381ec8c486fbfee83194a324b5d0c19c4ccd3f0148d7e2
data_sources/Liu_2026_GSE294385/extracted/M-ST-07/filtered_feature_bc_matrix/features.tsv.gz	https://www.ncbi.nlm.nih.gov/geo/query/acc.cgi?acc=GSE294385 ; extract sample matrix folders; author annotation: https://github.com/yliuup/CRC_micromets_ST	a28463266c8cfeb2f90280e71af8efa10fab1d12903f1fea5b80e32184b35111
data_sources/Liu_2026_GSE294385/extracted/M-ST-07/filtered_feature_bc_matrix/matrix.mtx.gz	https://www.ncbi.nlm.nih.gov/geo/query/acc.cgi?acc=GSE294385 ; extract sample matrix folders; author annotation: https://github.com/yliuup/CRC_micromets_ST	5ec7154d86ec15dbb13785cb286178c7d66ae6871165c21d1ace7c6ffcf8ecab
data_sources/Liu_2026_GSE294385/extracted/M-ST-07/spatial/tissue_positions.csv	https://www.ncbi.nlm.nih.gov/geo/query/acc.cgi?acc=GSE294385 ; extract sample matrix folders; author annotation: https://github.com/yliuup/CRC_micromets_ST	2bceaed2c0b05f03fe0a70a95d20fbd1657189b243c614df557b8b9da9e30242
data_sources/Liu_2026_GSE294385/extracted/M-ST-08/filtered_feature_bc_matrix/barcodes.tsv.gz	https://www.ncbi.nlm.nih.gov/geo/query/acc.cgi?acc=GSE294385 ; extract sample matrix folders; author annotation: https://github.com/yliuup/CRC_micromets_ST	512dcd7c5366c529e8edee2fa5f5c795e495eb379b2bd24d1a81649e49a1aa36
data_sources/Liu_2026_GSE294385/extracted/M-ST-08/filtered_feature_bc_matrix/features.tsv.gz	https://www.ncbi.nlm.nih.gov/geo/query/acc.cgi?acc=GSE294385 ; extract sample matrix folders; author annotation: https://github.com/yliuup/CRC_micromets_ST	98824893430a22ce175b87405d683cd4a6b5f36fca8585d7f667dd1530a470d4
data_sources/Liu_2026_GSE294385/extracted/M-ST-08/filtered_feature_bc_matrix/matrix.mtx.gz	https://www.ncbi.nlm.nih.gov/geo/query/acc.cgi?acc=GSE294385 ; extract sample matrix folders; author annotation: https://github.com/yliuup/CRC_micromets_ST	70588c9dc74e20dca516ab0fb68f9be41573ba38debc6cc7564f4fb475d391f7
data_sources/Liu_2026_GSE294385/extracted/M-ST-08/spatial/tissue_positions.csv	https://www.ncbi.nlm.nih.gov/geo/query/acc.cgi?acc=GSE294385 ; extract sample matrix folders; author annotation: https://github.com/yliuup/CRC_micromets_ST	5a7f034a6023ffac6243ce9bf20032c298048c09b8d969fadd3356c1e9fb9770
data_sources/Liu_2026_GSE294385/extracted/M-ST-09/filtered_feature_bc_matrix/barcodes.tsv.gz	https://www.ncbi.nlm.nih.gov/geo/query/acc.cgi?acc=GSE294385 ; extract sample matrix folders; author annotation: https://github.com/yliuup/CRC_micromets_ST	920246351657731ffd620a85c51a941d66712a40fd0a20e4278005d33afe6b2a
data_sources/Liu_2026_GSE294385/extracted/M-ST-09/filtered_feature_bc_matrix/features.tsv.gz	https://www.ncbi.nlm.nih.gov/geo/query/acc.cgi?acc=GSE294385 ; extract sample matrix folders; author annotation: https://github.com/yliuup/CRC_micromets_ST	3ca9d27ea05993cadbcfc9c2a1f22292e91a69faa24de79c326f1cc2edc43315
data_sources/Liu_2026_GSE294385/extracted/M-ST-09/filtered_feature_bc_matrix/matrix.mtx.gz	https://www.ncbi.nlm.nih.gov/geo/query/acc.cgi?acc=GSE294385 ; extract sample matrix folders; author annotation: https://github.com/yliuup/CRC_micromets_ST	ea0dbfd4454679dc7da5b25999ba3ae891a9abef20131225509ce10df9ab0013
data_sources/Liu_2026_GSE294385/extracted/M-ST-09/spatial/tissue_positions.csv	https://www.ncbi.nlm.nih.gov/geo/query/acc.cgi?acc=GSE294385 ; extract sample matrix folders; author annotation: https://github.com/yliuup/CRC_micromets_ST	b015892719abe1346173131ff815ac587f721b04597b78481d1acb059879ddff
data_sources/Liu_2026_GSE294385/extracted/M-ST-10/filtered_feature_bc_matrix/barcodes.tsv.gz	https://www.ncbi.nlm.nih.gov/geo/query/acc.cgi?acc=GSE294385 ; extract sample matrix folders; author annotation: https://github.com/yliuup/CRC_micromets_ST	a71f72a683d1dc33ccefd97268dc500907a0acfa7e4f8f5be47c5ec3049148c8
data_sources/Liu_2026_GSE294385/extracted/M-ST-10/filtered_feature_bc_matrix/features.tsv.gz	https://www.ncbi.nlm.nih.gov/geo/query/acc.cgi?acc=GSE294385 ; extract sample matrix folders; author annotation: https://github.com/yliuup/CRC_micromets_ST	c0b5306106f31d1ec14901fc787933c60c394fba1e0101347c246f680dc5d3f7
data_sources/Liu_2026_GSE294385/extracted/M-ST-10/filtered_feature_bc_matrix/matrix.mtx.gz	https://www.ncbi.nlm.nih.gov/geo/query/acc.cgi?acc=GSE294385 ; extract sample matrix folders; author annotation: https://github.com/yliuup/CRC_micromets_ST	a5e0da642d19eb4ca663c8889f6d51f49f35b455d5d49ac1032721d06112e9a7
data_sources/Liu_2026_GSE294385/extracted/M-ST-10/spatial/tissue_positions.csv	https://www.ncbi.nlm.nih.gov/geo/query/acc.cgi?acc=GSE294385 ; extract sample matrix folders; author annotation: https://github.com/yliuup/CRC_micromets_ST	184f4a8399c0eac129495edfb7196e125177c3adbbd691cdd105728f19ee220e
data_sources/Liu_2026_GSE294385/extracted/M-ST-11/filtered_feature_bc_matrix/barcodes.tsv.gz	https://www.ncbi.nlm.nih.gov/geo/query/acc.cgi?acc=GSE294385 ; extract sample matrix folders; author annotation: https://github.com/yliuup/CRC_micromets_ST	219f981f64533912dba45b1e7fb8db175bcbc6be41cf861b95ac93e21aee66cb
data_sources/Liu_2026_GSE294385/extracted/M-ST-11/filtered_feature_bc_matrix/features.tsv.gz	https://www.ncbi.nlm.nih.gov/geo/query/acc.cgi?acc=GSE294385 ; extract sample matrix folders; author annotation: https://github.com/yliuup/CRC_micromets_ST	f55a895020443fefa4faca9aced2dd73d47cae9f4ac1ae2f9928d7a791139fd3
data_sources/Liu_2026_GSE294385/extracted/M-ST-11/filtered_feature_bc_matrix/matrix.mtx.gz	https://www.ncbi.nlm.nih.gov/geo/query/acc.cgi?acc=GSE294385 ; extract sample matrix folders; author annotation: https://github.com/yliuup/CRC_micromets_ST	5ea7c459a322c5cce0ccd8903f259154af470778e9f7a0c443b15b1cb94670ae
data_sources/Liu_2026_GSE294385/extracted/M-ST-11/spatial/tissue_positions.csv	https://www.ncbi.nlm.nih.gov/geo/query/acc.cgi?acc=GSE294385 ; extract sample matrix folders; author annotation: https://github.com/yliuup/CRC_micromets_ST	513dabe16bd21f543eb939c1ab1aa7857ca298e859ec07242795ee8412782be2
data_sources/Liu_2026_GSE294385/extracted/M-ST-12/filtered_feature_bc_matrix/barcodes.tsv.gz	https://www.ncbi.nlm.nih.gov/geo/query/acc.cgi?acc=GSE294385 ; extract sample matrix folders; author annotation: https://github.com/yliuup/CRC_micromets_ST	42ef50ea74b0b1ce9bcbc0509b58c0adc353be89a0e03df045d6416ce6eee10d
data_sources/Liu_2026_GSE294385/extracted/M-ST-12/filtered_feature_bc_matrix/features.tsv.gz	https://www.ncbi.nlm.nih.gov/geo/query/acc.cgi?acc=GSE294385 ; extract sample matrix folders; author annotation: https://github.com/yliuup/CRC_micromets_ST	8c1d43098367e782790522ff24b3b8249984276d0234d7c1e01130d41a22cd0c
data_sources/Liu_2026_GSE294385/extracted/M-ST-12/filtered_feature_bc_matrix/matrix.mtx.gz	https://www.ncbi.nlm.nih.gov/geo/query/acc.cgi?acc=GSE294385 ; extract sample matrix folders; author annotation: https://github.com/yliuup/CRC_micromets_ST	13eacad2c6e321e04c5d24942fab74bbcd8ea38e5604e64db4444a8ac19c8b91
data_sources/Liu_2026_GSE294385/extracted/M-ST-12/spatial/tissue_positions.csv	https://www.ncbi.nlm.nih.gov/geo/query/acc.cgi?acc=GSE294385 ; extract sample matrix folders; author annotation: https://github.com/yliuup/CRC_micromets_ST	452b740d5d9a327eda20245b9abb46e8dcf1f0c55d938557ddb1a0d69be4b201
data_sources/Liu_2026_GSE294385/extracted/M-ST-17/filtered_feature_bc_matrix/barcodes.tsv.gz	https://www.ncbi.nlm.nih.gov/geo/query/acc.cgi?acc=GSE294385 ; extract sample matrix folders; author annotation: https://github.com/yliuup/CRC_micromets_ST	47580e5a714b06050f4d7d8e40cdc7c9d7d059f0302cedf8ecaff4e200e63286
data_sources/Liu_2026_GSE294385/extracted/M-ST-17/filtered_feature_bc_matrix/features.tsv.gz	https://www.ncbi.nlm.nih.gov/geo/query/acc.cgi?acc=GSE294385 ; extract sample matrix folders; author annotation: https://github.com/yliuup/CRC_micromets_ST	8080551483d8efdf67c5817c8574b7d99d314b47bdbcc8975a9599449e0236ef
data_sources/Liu_2026_GSE294385/extracted/M-ST-17/filtered_feature_bc_matrix/matrix.mtx.gz	https://www.ncbi.nlm.nih.gov/geo/query/acc.cgi?acc=GSE294385 ; extract sample matrix folders; author annotation: https://github.com/yliuup/CRC_micromets_ST	a967785c454cf40852cf96e03d0de8fa085bf61953197b39104ca12dc2240a00
data_sources/Liu_2026_GSE294385/extracted/M-ST-17/spatial/tissue_positions.csv	https://www.ncbi.nlm.nih.gov/geo/query/acc.cgi?acc=GSE294385 ; extract sample matrix folders; author annotation: https://github.com/yliuup/CRC_micromets_ST	7e1607832a0294246c156fe11b488c1306fb5eb0cc4e64a040a3d8ad29123e6d
data_sources/Liu_2026_GSE294385/extracted/M-ST-19/filtered_feature_bc_matrix/barcodes.tsv.gz	https://www.ncbi.nlm.nih.gov/geo/query/acc.cgi?acc=GSE294385 ; extract sample matrix folders; author annotation: https://github.com/yliuup/CRC_micromets_ST	813c7ae843336353cf2a66ff97d7fc0b419a8e24e8c8675eb3817851215e725c
data_sources/Liu_2026_GSE294385/extracted/M-ST-19/filtered_feature_bc_matrix/features.tsv.gz	https://www.ncbi.nlm.nih.gov/geo/query/acc.cgi?acc=GSE294385 ; extract sample matrix folders; author annotation: https://github.com/yliuup/CRC_micromets_ST	66283230a036b35fbd3bbc2e91597302274834129a8e7733602824f00fcec799
data_sources/Liu_2026_GSE294385/extracted/M-ST-19/filtered_feature_bc_matrix/matrix.mtx.gz	https://www.ncbi.nlm.nih.gov/geo/query/acc.cgi?acc=GSE294385 ; extract sample matrix folders; author annotation: https://github.com/yliuup/CRC_micromets_ST	f90fad490236c163519556e97cde00f693e3d9fcd2ce33fe5c2b95003dfa4367
data_sources/Liu_2026_GSE294385/extracted/M-ST-19/spatial/tissue_positions.csv	https://www.ncbi.nlm.nih.gov/geo/query/acc.cgi?acc=GSE294385 ; extract sample matrix folders; author annotation: https://github.com/yliuup/CRC_micromets_ST	c07e7571305b3fcf5bef7172341fa7177613d120646afdd58c2a03e026be2fa9
data_sources/Liu_2026_GSE294385/extracted/M-ST-21/filtered_feature_bc_matrix/barcodes.tsv.gz	https://www.ncbi.nlm.nih.gov/geo/query/acc.cgi?acc=GSE294385 ; extract sample matrix folders; author annotation: https://github.com/yliuup/CRC_micromets_ST	8fc5fe1c1c3bc4d058692ed95bade15a5cb8068655aad5dfc6171fa5fbbebf72
data_sources/Liu_2026_GSE294385/extracted/M-ST-21/filtered_feature_bc_matrix/features.tsv.gz	https://www.ncbi.nlm.nih.gov/geo/query/acc.cgi?acc=GSE294385 ; extract sample matrix folders; author annotation: https://github.com/yliuup/CRC_micromets_ST	de4fb48e944b2a8cfb91bb2334ef5db2edebcbccb1213a15972beff6a1a126e3
data_sources/Liu_2026_GSE294385/extracted/M-ST-21/filtered_feature_bc_matrix/matrix.mtx.gz	https://www.ncbi.nlm.nih.gov/geo/query/acc.cgi?acc=GSE294385 ; extract sample matrix folders; author annotation: https://github.com/yliuup/CRC_micromets_ST	575c75883cb9facab729397724d72696bab37b12a4253397f652433400471a68
data_sources/Liu_2026_GSE294385/extracted/M-ST-21/spatial/tissue_positions.csv	https://www.ncbi.nlm.nih.gov/geo/query/acc.cgi?acc=GSE294385 ; extract sample matrix folders; author annotation: https://github.com/yliuup/CRC_micromets_ST	2d359380493b9283418396cd9c180dc3d53dbf456b937fd65c6074ac9d6fb352
data_sources/Liu_2026_GSE294385/extracted/M-ST-22/filtered_feature_bc_matrix/barcodes.tsv.gz	https://www.ncbi.nlm.nih.gov/geo/query/acc.cgi?acc=GSE294385 ; extract sample matrix folders; author annotation: https://github.com/yliuup/CRC_micromets_ST	78e2a88c6149e70a590036d123af7ac3267579dfb69e00109f29a0d0b5031868
data_sources/Liu_2026_GSE294385/extracted/M-ST-22/filtered_feature_bc_matrix/features.tsv.gz	https://www.ncbi.nlm.nih.gov/geo/query/acc.cgi?acc=GSE294385 ; extract sample matrix folders; author annotation: https://github.com/yliuup/CRC_micromets_ST	93f7d95e0c4d2b6a56cf19607508f21fe13cf2df0ca901ecaa453f5fd30fcfc3
data_sources/Liu_2026_GSE294385/extracted/M-ST-22/filtered_feature_bc_matrix/matrix.mtx.gz	https://www.ncbi.nlm.nih.gov/geo/query/acc.cgi?acc=GSE294385 ; extract sample matrix folders; author annotation: https://github.com/yliuup/CRC_micromets_ST	dfc64810815773226512c44e64aa6a7501364a38bcd56abad921f6cf7a775815
data_sources/Liu_2026_GSE294385/extracted/M-ST-22/spatial/tissue_positions.csv	https://www.ncbi.nlm.nih.gov/geo/query/acc.cgi?acc=GSE294385 ; extract sample matrix folders; author annotation: https://github.com/yliuup/CRC_micromets_ST	368b975c95415ee3f139a3483aefed831d7979b840c4c2c271a1eb7ff4b791b6
data_sources/Liu_2026_GSE294385/extracted/M-ST-23/filtered_feature_bc_matrix/barcodes.tsv.gz	https://www.ncbi.nlm.nih.gov/geo/query/acc.cgi?acc=GSE294385 ; extract sample matrix folders; author annotation: https://github.com/yliuup/CRC_micromets_ST	607081ee795ffdd289158508e494952b4fdac68d66fc72ce80c29927df2dc866
data_sources/Liu_2026_GSE294385/extracted/M-ST-23/filtered_feature_bc_matrix/features.tsv.gz	https://www.ncbi.nlm.nih.gov/geo/query/acc.cgi?acc=GSE294385 ; extract sample matrix folders; author annotation: https://github.com/yliuup/CRC_micromets_ST	0d55c046c3a56a32a3e21bcc711da803d7be0fee23facb2f042d9f4aa6ed97cd
data_sources/Liu_2026_GSE294385/extracted/M-ST-23/filtered_feature_bc_matrix/matrix.mtx.gz	https://www.ncbi.nlm.nih.gov/geo/query/acc.cgi?acc=GSE294385 ; extract sample matrix folders; author annotation: https://github.com/yliuup/CRC_micromets_ST	13260ca84268ff53e2947f42537d5674b36f73754478e3e86ef75f8112e14f41
data_sources/Liu_2026_GSE294385/extracted/M-ST-23/spatial/tissue_positions.csv	https://www.ncbi.nlm.nih.gov/geo/query/acc.cgi?acc=GSE294385 ; extract sample matrix folders; author annotation: https://github.com/yliuup/CRC_micromets_ST	04614b011f102cfbf52fd71aebbb548e2749229e6d29776002a960debabd7e9b
data_sources/Liu_2026_GSE294385/extracted/M-ST-24/filtered_feature_bc_matrix/barcodes.tsv.gz	https://www.ncbi.nlm.nih.gov/geo/query/acc.cgi?acc=GSE294385 ; extract sample matrix folders; author annotation: https://github.com/yliuup/CRC_micromets_ST	ae1c703c72960b2e61e8037acb60fc16bcfb47b603bf802d76820a65a37f423f
data_sources/Liu_2026_GSE294385/extracted/M-ST-24/filtered_feature_bc_matrix/features.tsv.gz	https://www.ncbi.nlm.nih.gov/geo/query/acc.cgi?acc=GSE294385 ; extract sample matrix folders; author annotation: https://github.com/yliuup/CRC_micromets_ST	aff674095a5ed09012bc015b3ab601520794033f6870d220bf57ba40c86e22d9
data_sources/Liu_2026_GSE294385/extracted/M-ST-24/filtered_feature_bc_matrix/matrix.mtx.gz	https://www.ncbi.nlm.nih.gov/geo/query/acc.cgi?acc=GSE294385 ; extract sample matrix folders; author annotation: https://github.com/yliuup/CRC_micromets_ST	0ca1f86417b06f1443cda26d8987a19fe962000b456cb840ad62a07bef2e000b
data_sources/Liu_2026_GSE294385/extracted/M-ST-24/spatial/tissue_positions.csv	https://www.ncbi.nlm.nih.gov/geo/query/acc.cgi?acc=GSE294385 ; extract sample matrix folders; author annotation: https://github.com/yliuup/CRC_micromets_ST	67cdb08abbf7375ffe65693d4a1f4162d0843282a2537fbacb3c18173082b042
data_sources/Liu_2026_GSE294385/extracted/M-ST-25/filtered_feature_bc_matrix/barcodes.tsv.gz	https://www.ncbi.nlm.nih.gov/geo/query/acc.cgi?acc=GSE294385 ; extract sample matrix folders; author annotation: https://github.com/yliuup/CRC_micromets_ST	8c7c62589f7a31a1ddf0b897ad7e64f70ea308f5409747b11724f114b5f113ab
data_sources/Liu_2026_GSE294385/extracted/M-ST-25/filtered_feature_bc_matrix/features.tsv.gz	https://www.ncbi.nlm.nih.gov/geo/query/acc.cgi?acc=GSE294385 ; extract sample matrix folders; author annotation: https://github.com/yliuup/CRC_micromets_ST	4806dae29540e6b35e62e64b11e541e7de7fa7f1a0b7ca57d27f7573cbb1806a
data_sources/Liu_2026_GSE294385/extracted/M-ST-25/filtered_feature_bc_matrix/matrix.mtx.gz	https://www.ncbi.nlm.nih.gov/geo/query/acc.cgi?acc=GSE294385 ; extract sample matrix folders; author annotation: https://github.com/yliuup/CRC_micromets_ST	80a0bd89e9758fb9b1ea54969f43764780cfc054259d2f888147205b839d032a
data_sources/Liu_2026_GSE294385/extracted/M-ST-25/spatial/tissue_positions.csv	https://www.ncbi.nlm.nih.gov/geo/query/acc.cgi?acc=GSE294385 ; extract sample matrix folders; author annotation: https://github.com/yliuup/CRC_micromets_ST	a5575db6f0b8d13d628300a4fe9f8640385d84e6d03e001574685a02b13e974d
data_sources/Liu_2026_GSE294385/extracted/M-ST-26/filtered_feature_bc_matrix/barcodes.tsv.gz	https://www.ncbi.nlm.nih.gov/geo/query/acc.cgi?acc=GSE294385 ; extract sample matrix folders; author annotation: https://github.com/yliuup/CRC_micromets_ST	4784397eebf3e2f588033ce690bb289970fba94b0cd43da0cce26eafd068588a
data_sources/Liu_2026_GSE294385/extracted/M-ST-26/filtered_feature_bc_matrix/features.tsv.gz	https://www.ncbi.nlm.nih.gov/geo/query/acc.cgi?acc=GSE294385 ; extract sample matrix folders; author annotation: https://github.com/yliuup/CRC_micromets_ST	602a2c85327a47a19369336254b67f652e9f833ddefb47bf042a94109c5e36ee
data_sources/Liu_2026_GSE294385/extracted/M-ST-26/filtered_feature_bc_matrix/matrix.mtx.gz	https://www.ncbi.nlm.nih.gov/geo/query/acc.cgi?acc=GSE294385 ; extract sample matrix folders; author annotation: https://github.com/yliuup/CRC_micromets_ST	725b9d5a5240ed662224cad86de404e4b349a01a27e808ee25417cad8348d418
data_sources/Liu_2026_GSE294385/extracted/M-ST-26/spatial/tissue_positions.csv	https://www.ncbi.nlm.nih.gov/geo/query/acc.cgi?acc=GSE294385 ; extract sample matrix folders; author annotation: https://github.com/yliuup/CRC_micromets_ST	f7d08fdf6791cb7ddd4d2ecb961cf6132ee75296ed1f8abf1e6fc875fb153614
data_sources/Liu_2026_GSE294385/extracted/M-ST-27/filtered_feature_bc_matrix/barcodes.tsv.gz	https://www.ncbi.nlm.nih.gov/geo/query/acc.cgi?acc=GSE294385 ; extract sample matrix folders; author annotation: https://github.com/yliuup/CRC_micromets_ST	e249fe92d74a88560bb5f4d50a6147d9f53db636728fa448922cd25774af2774
data_sources/Liu_2026_GSE294385/extracted/M-ST-27/filtered_feature_bc_matrix/features.tsv.gz	https://www.ncbi.nlm.nih.gov/geo/query/acc.cgi?acc=GSE294385 ; extract sample matrix folders; author annotation: https://github.com/yliuup/CRC_micromets_ST	d50978ea6042d55f1eae49a592d1d02acd1897682d7841e91c8778ff4da7b73a
data_sources/Liu_2026_GSE294385/extracted/M-ST-27/filtered_feature_bc_matrix/matrix.mtx.gz	https://www.ncbi.nlm.nih.gov/geo/query/acc.cgi?acc=GSE294385 ; extract sample matrix folders; author annotation: https://github.com/yliuup/CRC_micromets_ST	a855be0708444009051f3bea1b42739ad4249e5b3c736531e20cbf545e9474a6
data_sources/Liu_2026_GSE294385/extracted/M-ST-27/spatial/tissue_positions.csv	https://www.ncbi.nlm.nih.gov/geo/query/acc.cgi?acc=GSE294385 ; extract sample matrix folders; author annotation: https://github.com/yliuup/CRC_micromets_ST	f643ddf744696ea6afec4115e0ef6cb939bacd4b20a35beb61cae2c9305f6af9
data_sources/Liu_2026_GSE294385/extracted/M-ST-35/filtered_feature_bc_matrix/barcodes.tsv.gz	https://www.ncbi.nlm.nih.gov/geo/query/acc.cgi?acc=GSE294385 ; extract sample matrix folders; author annotation: https://github.com/yliuup/CRC_micromets_ST	60fdbd6e9bf2859a3ffa40e4b8022ba4c0113db817304d29c5ae486c5ec7b34f
data_sources/Liu_2026_GSE294385/extracted/M-ST-35/filtered_feature_bc_matrix/features.tsv.gz	https://www.ncbi.nlm.nih.gov/geo/query/acc.cgi?acc=GSE294385 ; extract sample matrix folders; author annotation: https://github.com/yliuup/CRC_micromets_ST	d95f1f9c96b88846bad526593f61e8800f7eb0bd505464d3ddf1c2daa7bceb78
data_sources/Liu_2026_GSE294385/extracted/M-ST-35/filtered_feature_bc_matrix/matrix.mtx.gz	https://www.ncbi.nlm.nih.gov/geo/query/acc.cgi?acc=GSE294385 ; extract sample matrix folders; author annotation: https://github.com/yliuup/CRC_micromets_ST	e05d69142e9fefcfd7589ad6ae4c79333162af97224ddbd63b4f9214252a94e1
data_sources/Liu_2026_GSE294385/extracted/M-ST-35/spatial/tissue_positions.csv	https://www.ncbi.nlm.nih.gov/geo/query/acc.cgi?acc=GSE294385 ; extract sample matrix folders; author annotation: https://github.com/yliuup/CRC_micromets_ST	2e5d2faade4e3b7b9258244f09362c04be1693bcf3b958eff0b7d956905cf667
data_sources/Liu_2026_GSE294385/extracted/M-ST-36/filtered_feature_bc_matrix/barcodes.tsv.gz	https://www.ncbi.nlm.nih.gov/geo/query/acc.cgi?acc=GSE294385 ; extract sample matrix folders; author annotation: https://github.com/yliuup/CRC_micromets_ST	ce5f081bc4a20a950e9689f782a0ca8aad39afbeebd8ed885b0e3777b0a6632c
data_sources/Liu_2026_GSE294385/extracted/M-ST-36/filtered_feature_bc_matrix/features.tsv.gz	https://www.ncbi.nlm.nih.gov/geo/query/acc.cgi?acc=GSE294385 ; extract sample matrix folders; author annotation: https://github.com/yliuup/CRC_micromets_ST	bcadefd4483a9e5c556a662c0d3feabf97037f4144492656c2fd691bba8f09c5
data_sources/Liu_2026_GSE294385/extracted/M-ST-36/filtered_feature_bc_matrix/matrix.mtx.gz	https://www.ncbi.nlm.nih.gov/geo/query/acc.cgi?acc=GSE294385 ; extract sample matrix folders; author annotation: https://github.com/yliuup/CRC_micromets_ST	f829febdd3d3ec5fb9fd25d89323effb899c67ac4fac2f226f0e49849766a1a2
data_sources/Liu_2026_GSE294385/extracted/M-ST-36/spatial/tissue_positions.csv	https://www.ncbi.nlm.nih.gov/geo/query/acc.cgi?acc=GSE294385 ; extract sample matrix folders; author annotation: https://github.com/yliuup/CRC_micromets_ST	b1c8d2e25963d0e62b790ec4cc5220fdd47a3cee18444b2d515a99fd164f56cd
data_sources/Liu_2026_GSE294385/extracted/M-ST-37/filtered_feature_bc_matrix/barcodes.tsv.gz	https://www.ncbi.nlm.nih.gov/geo/query/acc.cgi?acc=GSE294385 ; extract sample matrix folders; author annotation: https://github.com/yliuup/CRC_micromets_ST	fe705250b47659d219e3728f07a7e59f46405fb9a25a32a17928a816ed326e49
data_sources/Liu_2026_GSE294385/extracted/M-ST-37/filtered_feature_bc_matrix/features.tsv.gz	https://www.ncbi.nlm.nih.gov/geo/query/acc.cgi?acc=GSE294385 ; extract sample matrix folders; author annotation: https://github.com/yliuup/CRC_micromets_ST	26f21a0170783a39191981fe1635606c47c2f9f72f07c820c7891b363b057282
data_sources/Liu_2026_GSE294385/extracted/M-ST-37/filtered_feature_bc_matrix/matrix.mtx.gz	https://www.ncbi.nlm.nih.gov/geo/query/acc.cgi?acc=GSE294385 ; extract sample matrix folders; author annotation: https://github.com/yliuup/CRC_micromets_ST	928b03ad02e066abe0b3d2b350ecc4a4103be1e7b74f11dd74f0d7857f483076
data_sources/Liu_2026_GSE294385/extracted/M-ST-37/spatial/tissue_positions.csv	https://www.ncbi.nlm.nih.gov/geo/query/acc.cgi?acc=GSE294385 ; extract sample matrix folders; author annotation: https://github.com/yliuup/CRC_micromets_ST	f3d8a6fad0a207c1b10b0339366fd42bebade10c911f9ba8a7c2494abadb1b25
data_sources/Liu_2026_GSE294385/extracted/M-ST-38/filtered_feature_bc_matrix/barcodes.tsv.gz	https://www.ncbi.nlm.nih.gov/geo/query/acc.cgi?acc=GSE294385 ; extract sample matrix folders; author annotation: https://github.com/yliuup/CRC_micromets_ST	5241412a87384c353b739ebc9cf8c6f22d467f6665cd5debd8539fd6f5d3000d
data_sources/Liu_2026_GSE294385/extracted/M-ST-38/filtered_feature_bc_matrix/features.tsv.gz	https://www.ncbi.nlm.nih.gov/geo/query/acc.cgi?acc=GSE294385 ; extract sample matrix folders; author annotation: https://github.com/yliuup/CRC_micromets_ST	9f6c73003ab15106c92eb382a2c2011093a99b24ba22dd74fb357ae1718f5560
data_sources/Liu_2026_GSE294385/extracted/M-ST-38/filtered_feature_bc_matrix/matrix.mtx.gz	https://www.ncbi.nlm.nih.gov/geo/query/acc.cgi?acc=GSE294385 ; extract sample matrix folders; author annotation: https://github.com/yliuup/CRC_micromets_ST	b5275301dee9b218ab593442cfce6934211b9613149e12a48b9e7792667582da
data_sources/Liu_2026_GSE294385/extracted/M-ST-38/spatial/tissue_positions.csv	https://www.ncbi.nlm.nih.gov/geo/query/acc.cgi?acc=GSE294385 ; extract sample matrix folders; author annotation: https://github.com/yliuup/CRC_micromets_ST	d6759531842c0b89660547e468bca9b2d04b1533cbc0bafba7f98f3f232f0305
data_sources/Liu_2026_GSE294385/visium_liver_meta_after_qc.tsv.gz	Obtain source annotation from the authors; see docs/DATA.md and tools/prepare_gse294385_annotation.R; https://github.com/yliuup/CRC_micromets_ST/tree/b6c40903eeda67d812712f2bb77064041db38e6c/Meta_data	cfcab046fe13bbc26cfb2646e1c646a28cd19493219b3746f64cefe7b52aa1bc
data_sources/Nissen_2025_CRLM_proteomics/mmc4.xlsx	https://www.ebi.ac.uk/europepmc/webservices/rest/PMC12335997/supplementaryFiles ; extract mmc4.xlsx	3ff63359b4524ec61b54b46f974ea3b23e30f276269d6d34a20debdc9a7f965f
data_sources/Ogden_2025_CRLM_multiome/CRCLM_multiome_GEX_decontaminated.h5ad	https://data.mendeley.com/datasets/yd7bb3shn5/1 ; supplementary tables: https://doi.org/10.1016/j.xgen.2025.100881	be5059381dc618e6068f917197fe98b912a478f8e6a95bee309a8e4b65c336a2
data_sources/Ogden_2025_CRLM_multiome/supplementary_tables/mmc3.xlsx	https://data.mendeley.com/datasets/yd7bb3shn5/1 ; supplementary tables: https://doi.org/10.1016/j.xgen.2025.100881	ce88ff4553c6af928e17fa396098e7d9d5eb3ebc3e8c19b2fe6d343a70f6faac
data_sources/Ogden_2025_CRLM_multiome/supplementary_tables/mmc6.xlsx	https://data.mendeley.com/datasets/yd7bb3shn5/1 ; supplementary tables: https://doi.org/10.1016/j.xgen.2025.100881	a6a47b43db4dbcf6e7d6ecd019d896a49ae6beab5c416cf347411267dfece37f
data_sources/Ogden_2025_CRLM_multiome/supplementary_tables/mmc8.xlsx	https://data.mendeley.com/datasets/yd7bb3shn5/1 ; supplementary tables: https://doi.org/10.1016/j.xgen.2025.100881	5cf2cedb0c106c523a9432caf32370f82e9ac7dfebb6f5714b859643eb57152d
data_sources/rec_public_upgrade_2026-09-07/GPL17586.soft.txt	https://www.ncbi.nlm.nih.gov/geo/query/acc.cgi?acc=GPL17586&targ=self&form=text&view=full	e77f837ff22f5117426a3395d317e0b11eed6272e80a69468bf768391838d17c
data_sources/rec_public_upgrade_2026-09-07/GSE159216_series_matrix.txt.gz	https://ftp.ncbi.nlm.nih.gov/geo/series/GSE159nnn/GSE159216/matrix/GSE159216_series_matrix.txt.gz	79a73b2ac8ceeaa2d5a1d0bf7a631273dc99357fb278d32f77b57717e578c93c
data_sources/rec_public_upgrade_2026-09-07/MRTX1133/GSM9231171_BVAR_RZF119_5b_S14.filtered_feature_bc_matrix.h5	https://ftp.ncbi.nlm.nih.gov/geo/samples/GSM9231nnn/GSM9231171/suppl/GSM9231171_BVAR_RZF119_5b_S14.filtered_feature_bc_matrix.h5	d7538f1b1146ed44634b61379b7bfc248cf991e7e55e0e12ef61f87dbb31178a
data_sources/rec_public_upgrade_2026-09-07/MRTX1133/GSM9231172_BVAR_RZF124_2a.filtered_feature_bc_matrix.h5	https://ftp.ncbi.nlm.nih.gov/geo/samples/GSM9231nnn/GSM9231172/suppl/GSM9231172_BVAR_RZF124_2a.filtered_feature_bc_matrix.h5	9a300a1b341e653e458467e9270b73443e927adfb1db0da62c1dac59674e903f
data_sources/rec_public_upgrade_2026-09-07/MRTX1133/GSM9231173_BVAR_RZF124_1a.filtered_feature_bc_matrix.h5	https://ftp.ncbi.nlm.nih.gov/geo/samples/GSM9231nnn/GSM9231173/suppl/GSM9231173_BVAR_RZF124_1a.filtered_feature_bc_matrix.h5	9023b6b43f801be927a7622b06e7a1d44f9cc79a1b89f4ece82e2d74f1ba9b20
data_sources/rec_public_upgrade_2026-09-07/MRTX1133/GSM9231174_BVAR_RZF122_1c.filtered_feature_bc_matrix.h5	https://ftp.ncbi.nlm.nih.gov/geo/samples/GSM9231nnn/GSM9231174/suppl/GSM9231174_BVAR_RZF122_1c.filtered_feature_bc_matrix.h5	12f13f56689451f1d94aa5711478d1d2f49772511d3111718c498f4cb9e550ab
data_sources/rec_public_upgrade_2026-09-07/MRTX1133/GSM9231175_BVAR_RZF122_3d.filtered_feature_bc_matrix.h5	https://ftp.ncbi.nlm.nih.gov/geo/samples/GSM9231nnn/GSM9231175/suppl/GSM9231175_BVAR_RZF122_3d.filtered_feature_bc_matrix.h5	18e110126f3584b7559f4ec85c43ad5290fd999cf1a462a4ac439b4078ad8ecd
data_sources/rec_public_upgrade_2026-09-07/MRTX1133/GSM9231176_BVAR_RZF118_6c.filtered_feature_bc_matrix.h5	https://ftp.ncbi.nlm.nih.gov/geo/samples/GSM9231nnn/GSM9231176/suppl/GSM9231176_BVAR_RZF118_6c.filtered_feature_bc_matrix.h5	467f4072f7394379eb6ae6948d934eca0052943a7fd8bcaaca43a561e99f43ec
data_sources/rec_public_upgrade_2026-09-07/MRTX1133/GSM9231177_BVAR_RZF122_2a.filtered_feature_bc_matrix.h5	https://ftp.ncbi.nlm.nih.gov/geo/samples/GSM9231nnn/GSM9231177/suppl/GSM9231177_BVAR_RZF122_2a.filtered_feature_bc_matrix.h5	b37c82405cf2c5add4385e3473e99b7f49cf6beb402191c788424b8ae25e7478
data_sources/rec_public_upgrade_2026-09-07/MRTX1133/GSM9231178_BVAR_RZF125_1c.filtered_feature_bc_matrix.h5	https://ftp.ncbi.nlm.nih.gov/geo/samples/GSM9231nnn/GSM9231178/suppl/GSM9231178_BVAR_RZF125_1c.filtered_feature_bc_matrix.h5	7f95f63f25b92f35d7b3eaeed606a2dc1e7b7b26be8a03fc554819b8b2ab3948
metadata/cross_platform_state_anchor_spec_2026-08-23.md	Frozen source definitions and specifications; see definition registries and THIRD_PARTY_NOTICES.md	23874778b8685992b2f776f49d246b2c8bfb43138f1278467a73df947fae7e13
metadata/deep_biology_phase2_analysis_spec_2026-09-01.md	Frozen source definitions and specifications; see definition registries and THIRD_PARTY_NOTICES.md	8ee7a7f4015537a141c8d31721e21bfef7e75b1caa94c98ba7c5cd803c97e254
metadata/external_regulatory_projection_spec_2026-09-01.md	Frozen source definitions and specifications; see definition registries and THIRD_PARTY_NOTICES.md	94d61f432a96b6bf69ef6e75366f877cd6844be12d386cb030fdf3c2a3e9c800
metadata/gata6_functional_competitor_projection_spec_2026-09-01.md	Frozen source definitions and specifications; see definition registries and THIRD_PARTY_NOTICES.md	c35fd5428e4d6bce9c6910bfb0eb97a2904df54ad7c56397c33450e31a3346e3
metadata/gata6_serial_metastatic_selection_projection_spec_2026-09-01.md	Frozen source definitions and specifications; see definition registries and THIRD_PARTY_NOTICES.md	637ef761c787a4d2f9655904625ec0790f952d720a0a34cc4557bcda4a96d747
metadata/gse294385_liver_sample_manifest.tsv	Frozen source definitions and specifications; see definition registries and THIRD_PARTY_NOTICES.md	d87aef4bdf41241198e37f1852f207847da19834110ea2504f5b4f7015d7a222
metadata/hgp_interface_ecology_analysis_spec_2026-08-23.md	Frozen source definitions and specifications; see definition registries and THIRD_PARTY_NOTICES.md	36c79a60c61baafdcf6cdbd1ae12f44424cfb1ea82ca01bcacaa26c95ad176a1
metadata/iss_nc3_cohesive_dual_interface_spec_2026-09-01.md	Frozen source definitions and specifications; see definition registries and THIRD_PARTY_NOTICES.md	655938a7f803dd450fac4620dc4fc67fe2320e4a816a35ea5d8ea321b29e4d72
metadata/ogden_atac_regulatory_junction_bridge_spec_2026-09-01.md	Frozen source definitions and specifications; see definition registries and THIRD_PARTY_NOTICES.md	324c82d594bd8de6a99da69aa741f4482b691acc215ff1bb4c8d924274c98e2f
metadata/ogden_rec_within_cell_coexistence_spec_2026-09-01.md	Frozen source definitions and specifications; see definition registries and THIRD_PARTY_NOTICES.md	b1c9a1e203355cdeddff614caeb9e4e61aed3c1d1ecfe3b54ce96820871b4746
metadata/rec_evidence_bridge_2026-09-16.initial.md	Frozen source definitions and specifications; see definition registries and THIRD_PARTY_NOTICES.md	6ee3cd2e8c241dcf27f41475bb68dbcda65c5bd82334ca6bc0df73fc07ee9199
metadata/rec_junction_context_2026-09-16.md	Frozen source definitions and specifications; see definition registries and THIRD_PARTY_NOTICES.md	74d13e80a07029e6943ba77363dbf1856931bd2a4b188549dac7f7083765a58c
metadata/rec_manuscript_reinforcement_2026-09-17.md	Frozen source definitions and specifications; see definition registries and THIRD_PARTY_NOTICES.md	3a6516be33acdcc78d9bea10774911200cfc5d0409a6ce1c2378c4c394ab3b68
metadata/rec_program_gse151165_bulk_projection_spec_2026-08-23.md	Frozen source definitions and specifications; see definition registries and THIRD_PARTY_NOTICES.md	133e247e4bf718efa052b1ac799784913976a1470617e548d02114f6bfc3270f
metadata/rec_program_latacz_interface_summary_spec_2026-08-23.md	Frozen source definitions and specifications; see definition registries and THIRD_PARTY_NOTICES.md	bd60a3ff558363c4066f674ce62ba76f65eb04ee27ee788444772e2180030433
metadata/rec_program_two_axis_interpretation_spec_2026-08-23.md	Frozen source definitions and specifications; see definition registries and THIRD_PARTY_NOTICES.md	52893757cdb8ec5b698ab792d160d340080c09ec4f7ddc6e3910fc1bb55880ca
metadata/rec_public_upgrade_2026-09-07/analysis_gene_sets.tsv	Frozen source definitions and specifications; see definition registries and THIRD_PARTY_NOTICES.md	b45f5f774f363ca61744461e76399fe9a18044028626cd733bd50fbbfd62e34b
metadata/rec_public_upgrade_2026-09-07/human_mouse_one_to_one.tsv	Frozen source definitions and specifications; see definition registries and THIRD_PARTY_NOTICES.md	9eaa852d8b6bed85f34db8ef29c9333c24304ff54b443908e6ce784a043e86a4
metadata/rec_public_upgrade_2026-09-07/mrtx1133_sample_manifest.tsv	Frozen source definitions and specifications; see definition registries and THIRD_PARTY_NOTICES.md	59002c758e8f1990b94c856d175fab54f97b806e3f7df30680234f1caf2f3426
metadata/rec_q2_integration_2026-09-19.md	Frozen source definitions and specifications; see definition registries and THIRD_PARTY_NOTICES.md	3b6935988509fa3c16cba2f596a6e797d9c87359b7a31423f36add218941769f
