gene	component	Ogden_HRC_rho	Spatial_HRC_rho	Bulk_rHGP_minus_dHGP_logFC	Bulk_rHGP_minus_dHGP_PValue	Bulk_rHGP_minus_dHGP_q_junction	Liu_macro_minus_micro_logFC	Liu_macro_minus_micro_PValue	Liu_macro_minus_micro_q_junction	Spatial_HGP_by_localization_logFC	Spatial_HGP_by_localization_PValue	Spatial_HGP_by_localization_q_junction	Spatial_rHGP_minus_dHGP_near_logFC	Spatial_rHGP_minus_dHGP_near_PValue	Spatial_rHGP_minus_dHGP_near_q_junction	Spatial_rHGP_minus_dHGP_tumour_logFC	Spatial_rHGP_minus_dHGP_tumour_PValue	Spatial_rHGP_minus_dHGP_tumour_q_junction	GATA6_KO_RNA_logFC	GATA6_promoter_peak	H3K27ac_relative_logFC	Epithelial_detection	Hepatocyte_detection	Endothelial_detection	Stromal_detection	Same_section_macro_minus_micro_logFC
CLDN1	Claudin	0.0524058122498537	0.0417449484311808	0.480416823156513	0.255027410805142	0.685527199083343	-0.212760507721989	0.218834238926729	0.276422196539026	-0.102365677546	0.565966170643272	0.935302971151041	1.167939711074	0.214111760896934	0.672922677104648	1.18675768362061	0.196064386238036	0.616202356748115		0.0		0.298247088681048	0.6884102654451492	0.0345675838954281	0.0584730124987477	-0.232521161456882
CLDN2	Claudin	-0.0302514091149686	0.0123086481996683	0.812663370095509	0.359085675710322	0.685527199083343	0.828735678694252	0.003173299255089	0.0132687098056279	-0.116163885236346	0.851089369473955	0.935302971151041	3.07008153530453	0.0182525232806132	0.133851837391164	3.07366168314467	0.0159061510613704	0.116645107783383	-7.3403833718823	0.0		0.1068267667212689	0.1106513641397362	0.0197048926576485	0.0281977066352066	0.910903849031887
CLDN3	Claudin	0.0829743000717475	0.2303041441634324	-0.421816094939663	0.320201296369288	0.685527199083343	0.424281824512207	0.0285992957130122	0.0762647885680324	-0.333345274279069	0.131139385427465	0.745962004573941	0.308468107762706	0.700544519106102	0.935063511850018	0.387169432799378	0.603420567511471	0.797228578861251	-0.618258939225966	0.0	-0.0868902577067132	0.569599777691955	0.2117118024094767	0.1788549676036268	0.1375728251169427	0.592708916433243
CLDN4	Claudin	0.1619839089679944	0.3354053605064335	-0.218487808048476	0.468073582290589	0.773140615379054	0.259817027613646	0.138120993247292	0.220993589195667	-0.297856534159392	0.275450909846158	0.807025490720444	0.192749827088591	0.820242509026878	0.935063511850018	0.273538198579311	0.724162822525977	0.838504320819552				0.6197116511144859	0.1681264471962146	0.1248691411861799	0.1219630455990749	0.472547219697368
CLDN5	Claudin	-0.0181138591453546	0.0134078165125427	0.751128685886128	0.160086207769258	0.685527199083343	-1.00863569052773	0.0038700403599747	0.0132687098056279	-0.0644651314171495	0.85549387987985	0.935302971151041	1.79925711484277	0.0776564614198612	0.284740358539491	1.71782562290219	0.0781663200661685	0.343931808291141		0.0		0.0015924765195172	0.0022727272727272	0.4660364921415664	0.003125	-0.608504712233626
CLDN6	Claudin	0.018475355849202	0.0063032599363906				-0.406346781492404	0.306373210401028	0.334225320437485											0.0	-0.2407203622975089	0.0027393942539827	0.0007575757575757	0.0016025641025641	0.0033333333333333	-0.15367261756724
CLDN7	Claudin	0.0765332311244135	0.1749297238373736	0.0198585004575602	0.961517606924679	0.97947827791063	0.549291052013112	0.0038621505959959	0.0132687098056279	-0.434227735063579	0.102297790194677	0.745962004573941	0.132961325408767	0.850057738045471	0.935063511850018	0.234141327248804	0.71710175063262	0.838504320819552	-0.543859769871315	0.0	0.0198279046963296	0.4993644027315783	0.1693030806402899	0.1523656194708216	0.0967813091452796	0.597037445809988
CLDN8	Claudin	0.0416672245736887	0.0150813648468455																2.2971627120813	0.0		0.0005465112123909	0.0	0.0	0.0	
CLDN9	Claudin	0.0360285979074784	0.0388181755904894				-0.369040058797469	0.189506838419296	0.267539066003713	0.198460473151432	0.660937381165758	0.935302971151041	2.37386928187231	0.0095898570485683	0.105488427534251	2.32885852618031	0.005616029951588	0.109836218842626	-0.410778886847513	0.0	-0.1385992592695881	0.006279365629505	0.0062409812409812	0.0	0.0	-0.351620839078197
CLDN10	Claudin	0.020398943738622	0.0125076641164119	-0.647237756368533	0.61430517485761	0.921457762286415	-0.499897503111953	0.0953691535384856	0.176066129609512											0.0		0.0286827127192987	0.1444612235309909	0.029284035412756	0.0080300200888436	-0.391573204805617
CLDN11	Claudin	-0.0007136832945068	0.0092274026540845	1.74376352526156	0.020102513201166	0.422152777224487	-0.455726001171001	0.253618343160582	0.304342011792698	0.474224673753616	0.312568699031165	0.807025490720444	2.50590965437407	0.0745619067186587	0.284740358539491	2.31020807954199	0.11940908125215	0.437833297924551		0.0		0.0181443773606682	0.0054834054834054	0.0290469213868509	0.0908664903444314	0.0871436337361001
CLDN12	Claudin	0.0394379765003342	0.0702052315666532	0.0349973919746762	0.932361270901318	0.97947827791063	0.622014831716511	0.0010662841925871	0.0127954103110455	-0.1311908075295	0.403512745360222	0.807025490720444	0.146039472815723	0.763633536888006	0.935063511850018	0.230823708727275	0.616040265483694	0.797228578861251	-0.548172575475514	0.0	-0.3353244004065674	0.2593746978247996	0.1759102654451491	0.0512824940404716	0.132325433292345	0.628834320825638
CLDN14	Claudin	0.0077528841209942	-0.0100488602757609				-0.716322052002405	0.0319365479040313	0.0766477149696751	0.43568162214233	0.374404897610767	0.807025490720444	3.76153569696845	0.0068128532131768	0.105488427534251	3.58762037676594	0.0099851108038751	0.109836218842626		0.0	0.126464393600461	0.0062040047502872	0.1210111916507264	0.0635182155576587	0.0058420337832102	-0.857955921338491
CLDN15	Claudin	0.0026021439331522	0.0369545368706881	0.649486583232117	0.309517612099205	0.685527199083343	-0.0767556198028153	0.742327610257587	0.774602723747047	-0.0939192791696118	0.697784176974976	0.935302971151041	0.518160760883967	0.426659070129418	0.896760021775318	0.57476570837074	0.375014261640383	0.739600601073864	-3.62651609041598	0.0	-0.6362783088277624	0.1217936779227411	0.0686424041075203	0.0458638425510576	0.0318580623212975	-0.208397900454877
CLDN16	Claudin	0.0065583525969711	-0.0243530644379805	0.0144004396253069	0.97947827791063	0.97947827791063	-0.475605421764864	0.107952834801724	0.185062002517242	0.669160100599043	0.20344418306562	0.745962004573941	0.224564344689192	0.788477774504472	0.935063511850018	-0.143172660736568	0.870069131061145	0.91150099444501		0.0		0.047799463481769	0.0451474881707439	0.0034722222222222	0.0082457415398591	-0.509637423854867
CLDN17	Claudin		-0.0035640997914295																	0.0		0.0	0.0	0.0	0.0	
CLDN18	Claudin	0.0178144741150687	0.0043499834125469																	0.0		0.0341014689276371	0.0162614517265679	0.0021929824561403	0.0412616429454664	
CLDN19	Claudin		-0.0077718514281841																	0.0		0.0006644566444408	0.0	0.0021929824561403	0.0	
CLDN20	Claudin	-0.0061061161861378	-0.0018377302850982																	0.0		0.0382031122352154	0.0281783784690761	0.0095595970544167	0.0210567101192101	
CLDN22	Claudin		-0.0068922132383417	0.705798111528118	0.124063038172234	0.685527199083343																0.0001474926253687	0.0007575757575757	0.0	0.0	
CLDN23	Claudin	0.0362512331317705	0.0921047621841896	-0.0440417111781485	0.918882039971021	0.97947827791063	0.0236511891078693	0.886801714807816	0.886801714807816	0.0482797802240702	0.800723083572874	0.935302971151041	0.0008129959427106	0.998875168400464	0.998875168400464	-0.0230948378653263	0.967044933711236	0.967044933711236	1.20164778915854	0.0	0.4519221950439909	0.0224075698180791	0.0127705627705627	0.0164324595916341	0.003125	0.110777368452858
CRB3	Polarity	0.0395642598379101	0.0690328644771157	-0.0523968500094243	0.823395376627581	0.97947827791063	0.496328769031662	0.0026109993457708	0.0132687098056279	-0.238454077837028	0.199342818680588	0.745962004573941	-0.0166128863748753	0.980951312724758	0.998875168400464	0.186917267437657	0.796476103451576	0.876123713796734	-0.573649017552421	1.0	0.0780977541302236	0.0772026966127845	0.0259018759018758	0.0162783081874827	0.0161686913708972	0.466762407096411
PALS1	Polarity	0.0128078590028969	0.0115155349992774	0.0197088453392176	0.94069439354939	0.97947827791063	0.318879354560758	0.0428588905804122	0.0935103067208993	-0.0398605093319306	0.812376358773146	0.935302971151041	-0.291751360367304	0.551587315868565	0.933455457623725	-0.276055543836007	0.56428289964359	0.797228578861251	-0.464957984094148	0.0		0.3221781742726923	0.1894040068458672	0.2550478208859281	0.1845363378561907	0.166865915537278
PARD3	Polarity	-0.0054859707220809	0.0358445626355037	0.261895201555791	0.308601960895063	0.685527199083343	0.15320784870423	0.178139635582967	0.26720945337445	0.0491583619627257	0.744814442629663	0.935302971151041	-0.370679907899666	0.464239017731145	0.896760021775318	-0.406730274673594	0.403418509676653	0.739600601073864	-0.172110986794059	0.0	-0.1416874354834654	0.8104227903727199	0.8814784053156147	0.4183187483128672	0.7900635597400304	0.0758836993451143
PARD6A	Polarity	-0.0071909173743486	0.0035492988521571	-0.449277825614994	0.357439720254765	0.685527199083343	-0.224628520284953	0.297362426967357	0.334225320437485	0.0281979430273113	0.905486508398455	0.935302971151041	1.47449438798827	0.0375123360979602	0.206317848538781	1.37852587894543	0.0408972725784045	0.224934999181225	-0.830289553366585	0.0		0.0103830951909896	0.0067099567099567	0.0071486928104575	0.0	-0.170104271121035
PARD6B	Polarity	0.0954499671579624	0.0921092979756684	0.205663883231991	0.478610857139414	0.773140615379054	0.246413063287773	0.213068667149488	0.276422196539026	-0.328197580347541	0.0679088830148521	0.745962004573941	0.205044476687831	0.736882953862209	0.935063511850018	0.380694609278358	0.535851750981927	0.797228578861251	-0.787816710741125	0.0	-0.1400931157151106	0.3589700862892756	0.157674754186382	0.03628246568905	0.0425375833721421	0.204986669131931
PARD6G	Polarity	-0.0108969424789218	-0.0061130862566096	0.873324978197244	0.0629539179627099	0.661016138608454	-1.09581289042267	0.0007423376089382	0.0127954103110455	0.516884938626628	0.175910652012874	0.745962004573941	-0.678461457773561	0.489141830059264	0.896760021775318	-0.970563312602404	0.348883898196254	0.739600601073864	0.858092595434071	0.0		0.0164967895882607	0.01876489143931	0.0818410187191116	0.0791818832296773	-0.68192475439341
PATJ	Polarity	0.0347127772669549	0.0447985054787697				0.401402960099283	0.0129902224410579	0.0389706673231738	0.128130914057306	0.361925398138069	0.807025490720444	-0.535570370843549	0.310323023943869	0.85338831584564	-0.577783958241215	0.257513205834606	0.708161316045167	-0.297916336594316	0.0	-0.3338894537637271	0.8601793749620509	0.679941021510789	0.1683092365597667	0.2156156853473029	0.241345499858902
PRKCI	Polarity	0.0284916400167371	0.0443642625857697	-0.400633936954592	0.163387694922341	0.685527199083343	0.31845190396731	0.0810423994683518	0.162084798936704	-0.0128734186131575	0.935302971151041	0.935302971151041	0.438906335364519	0.408593153923131	0.896760021775318	0.485802530750085	0.35864257240768	0.739600601073864	-0.0988630885735453	0.0	-0.2356939246229146	0.3968698365181362	0.2545773348098929	0.2325762533434213	0.2637553662811015	0.295596883809237
F11R	F11R	0.0817997877716701	0.1132410963817701	-0.0841637598152563	0.795301925933894	0.97947827791063	0.488032697385515	0.0029156542050783	0.0132687098056279	-0.0280355067841085	0.850168317157967	0.935302971151041	0.150413521041979	0.759507419356993	0.935063511850018	0.248102349746356	0.608230612009264	0.797228578861251	-0.377530140738267	0.0	0.1026016500180002	0.3667048179036533	0.2593555991811805	0.2628250464807045	0.0699121923680747	0.390549410325864
