component	gene
Claudin	CLDN1
Claudin	CLDN10
Claudin	CLDN11
Claudin	CLDN12
Claudin	CLDN14
Claudin	CLDN15
Claudin	CLDN16
Claudin	CLDN17
Claudin	CLDN18
Claudin	CLDN19
Claudin	CLDN2
Claudin	CLDN20
Claudin	CLDN22
Claudin	CLDN23
Claudin	CLDN3
Claudin	CLDN4
Claudin	CLDN5
Claudin	CLDN6
Claudin	CLDN7
Claudin	CLDN8
Claudin	CLDN9
Polarity	CRB3
Polarity	PALS1
Polarity	PARD3
Polarity	PARD6A
Polarity	PARD6B
Polarity	PARD6G
Polarity	PATJ
Polarity	PRKCI
Junction	CLDN1
Junction	CLDN10
Junction	CLDN11
Junction	CLDN12
Junction	CLDN14
Junction	CLDN15
Junction	CLDN16
Junction	CLDN17
Junction	CLDN18
Junction	CLDN19
Junction	CLDN2
Junction	CLDN20
Junction	CLDN22
Junction	CLDN23
Junction	CLDN3
Junction	CLDN4
Junction	CLDN5
Junction	CLDN6
Junction	CLDN7
Junction	CLDN8
Junction	CLDN9
Junction	CRB3
Junction	F11R
Junction	PALS1
Junction	PARD3
Junction	PARD6A
Junction	PARD6B
Junction	PARD6G
Junction	PATJ
Junction	PRKCI
HRC	ABHD11-AS1
HRC	AC009133.12
HRC	ADAM9
HRC	AHNAK
HRC	AHNAK2
HRC	ANXA11
HRC	ARFGAP3
HRC	B4GALNT3
HRC	B4GALT1
HRC	BAIAP2L1
HRC	BMP2
HRC	C19ORF33
HRC	C1ORF106
HRC	CAMK2N1
HRC	CD55
HRC	CD59
HRC	CD68
HRC	CDA
HRC	CDCP1
HRC	CDKN2B
HRC	CEACAM1
HRC	CEACAM5
HRC	CGN
HRC	CLIC3
HRC	COL17A1
HRC	CXCL16
HRC	CYP3A5
HRC	CYSTM1
HRC	DDR1
HRC	DSG2
HRC	DUSP5
HRC	EFNB1
HRC	EMP1
HRC	EPS8L1
HRC	ERO1L
HRC	EZR
HRC	FA2H
HRC	FLNB
HRC	GBP3
HRC	GJB3
HRC	GPRC5A
HRC	HEBP2
HRC	ITGA2
HRC	ITGA3
HRC	ITGB1
HRC	ITGB4
HRC	JUP
HRC	KLK10
HRC	KRT80
HRC	LAMA3
HRC	LAMB3
HRC	LAMC2
HRC	LIPH
HRC	LMO7
HRC	LRP10
HRC	MISP
HRC	MUC13
HRC	MXD1
HRC	MYH14
HRC	MYOF
HRC	PCDH1
HRC	PDZK1IP1
HRC	PINK1
HRC	PLAUR
HRC	PLEC
HRC	PPARD
HRC	PPP2CB
HRC	PRSS22
HRC	PTK6
HRC	PTPRH
HRC	RHOF
HRC	RIOK3
HRC	RNF103
HRC	RRAS
HRC	SDCBP2
HRC	SEMA3B
HRC	SERINC2
HRC	SLC2A1
HRC	SLC44A4
HRC	SLC6A8
HRC	SLPI
HRC	SMAD3
HRC	SNX9
HRC	SPINT1
HRC	SSFA2
HRC	STK24
HRC	TIMP2
HRC	TINAGL1
HRC	TJP3
HRC	TM4SF1
HRC	TMBIM1
HRC	TMPRSS2
HRC	TMPRSS4
HRC	TNFRSF21
HRC	TSPAN1
HRC	TSPAN3
HRC	UGCG
HRC	USP53
RSC	ABI3
RSC	ACSM3
RSC	AKR1B1
RSC	ALCAM
RSC	ANXA1
RSC	ANXA3
RSC	ANXA5
RSC	AP1S3
RSC	ARHGAP44
RSC	ARL14
RSC	ARL4C
RSC	AVPI1
RSC	BAIAP2L2
RSC	BASP1
RSC	BOK
RSC	C6ORF141
RSC	CA12
RSC	CA2
RSC	CAMKK1
RSC	CAMSAP2
RSC	CAP2
RSC	CAPN5
RSC	CAVIN3
RSC	CCDC92
RSC	CCL2
RSC	CCN2
RSC	CD14
RSC	CD44
RSC	CD68
RSC	CELF2
RSC	CGNL1
RSC	CKAP2
RSC	CKB
RSC	CLIC3
RSC	CLU
RSC	CNN2
RSC	CRYBG1
RSC	CTSH
RSC	CWH43
RSC	CXCL10
RSC	CXCL16
RSC	CXCL6
RSC	CXCL9
RSC	DAPK1
RSC	DDAH1
RSC	DYRK3
RSC	EMP1
RSC	EMP2
RSC	ENAH
RSC	ENDOD1
RSC	EPHA2
RSC	EPHA4
RSC	EPN3
RSC	EPOP
RSC	EPS8L1
RSC	EREG
RSC	ETV5
RSC	EYA2
RSC	FABP5
RSC	FFAR4
RSC	FHL2
RSC	FKBP9
RSC	FLNA
RSC	FMNL2
RSC	FOSL1
RSC	FXYD3
RSC	GADD45B
RSC	GASK1B
RSC	GATM
RSC	GCNT1
RSC	GCNT3
RSC	GJB3
RSC	GLIPR1
RSC	GPNMB
RSC	GPR137B
RSC	GPX2
RSC	GTSE1
RSC	HMOX1
RSC	HSPA2
RSC	HSPB1
RSC	HSPH1
RSC	HYAL1
RSC	ICA1
RSC	ICAM1
RSC	ID2
RSC	IL17RE
RSC	IL1RN
RSC	IL33
RSC	ILDR1
RSC	INKA2
RSC	IRF1
RSC	ITGA2
RSC	ITGAV
RSC	ITGB4
RSC	ITPRIPL2
RSC	KCNN4
RSC	KIFC3
RSC	KLF7
RSC	KRT15
RSC	KRT18
RSC	KRT23
RSC	LAMA3
RSC	LAPTM5
RSC	LCN2
RSC	LDLR
RSC	LGALS1
RSC	LPCAT4
RSC	LRG1
RSC	MDM2
RSC	MISP3
RSC	MRAS
RSC	MSANTD3
RSC	MSLN
RSC	MSN
RSC	MST1R
RSC	MTCL1
RSC	MUC3A
RSC	MYH9
RSC	NFE2L3
RSC	NFKBIA
RSC	NFKBIZ
RSC	NOS2
RSC	NOXO1
RSC	OSBPL5
RSC	P2RY2
RSC	P2RY6
RSC	PAQR8
RSC	PDZK1IP1
RSC	PHLDA1
RSC	PHLDA2
RSC	PIERCE1
RSC	PIMREG
RSC	PLAU
RSC	PLAUR
RSC	PLCD3
RSC	PLEKHS1
RSC	PLK2
RSC	PMEPA1
RSC	PPIC
RSC	PPL
RSC	PSRC1
RSC	PTGS2
RSC	RAB11FIP5
RSC	RAB15
RSC	RACK1
RSC	RALGAPA2
RSC	RBMS1
RSC	RGS19
RSC	RHOD
RSC	RIPK2
RSC	RUNX1
RSC	S100A14
RSC	S100A4
RSC	S100A6
RSC	SAMD5
RSC	SCEL
RSC	SEMA7A
RSC	SH3BGRL2
RSC	SLC19A2
RSC	SLC39A10
RSC	SLC44A2
RSC	SLC60A1
RSC	SLC7A5
RSC	SLCO4A1
RSC	SLPI
RSC	SMIM33
RSC	SNORA20
RSC	SNORD104
RSC	SNORD47
RSC	SNORD92
RSC	SOCS3
RSC	SORL1
RSC	SPATA6
RSC	SPP1
RSC	STX11
RSC	SULF2
RSC	SYT8
RSC	TCIM
RSC	TCIRG1
RSC	TGFBI
RSC	TGM2
RSC	TIMP2
RSC	TINAGL1
RSC	TLR4
RSC	TMEM184C
RSC	TMEM43
RSC	TNF
RSC	TNFAIP3
RSC	TNFAIP8
RSC	TNFRSF1B
RSC	TNFSF9
RSC	TNIP3
RSC	TNNI2
RSC	TNNT2
RSC	TNS4
RSC	TRAM2
RSC	TRIM15
RSC	TRIM40
RSC	TSPAN4
RSC	TSPAN6
RSC	TUBA1A
RSC	VAMP5
RSC	VIM
RSC	VNN1
RSC	WFDC2
RSC	WWTR1
RSC	ZMAT3
RSC	ZNF296
RSC	ZNF703
iCMS2	A1CF
iCMS2	ABHD12
iCMS2	ABRACL
iCMS2	ACOT8
iCMS2	ADIRF
iCMS2	ADRM1
iCMS2	AHCY
iCMS2	AIFM3
iCMS2	AKAP1
iCMS2	ALKBH3
iCMS2	ANO9
iCMS2	AQP8
iCMS2	AREG
iCMS2	ARFGAP1
iCMS2	ARFRP1
iCMS2	ARHGAP45
iCMS2	ARID3A
iCMS2	ARL4A
iCMS2	ARMC1
iCMS2	ARSE
iCMS2	ASCL2
iCMS2	ASPSCR1
iCMS2	ASXL1
iCMS2	ATP10B
iCMS2	ATP6V1H
iCMS2	ATP9A
iCMS2	AURKA
iCMS2	AVL9
iCMS2	AXIN2
iCMS2	BCAP31
iCMS2	BCL2L1
iCMS2	BLCAP
iCMS2	BOP1
iCMS2	C10ORF99
iCMS2	C1GALT1C1
iCMS2	C2
iCMS2	C20ORF27
iCMS2	C6ORF222
iCMS2	C6ORF48
iCMS2	C8ORF33
iCMS2	C8ORF59
iCMS2	CA4
iCMS2	CAPZA2
iCMS2	CARS2
iCMS2	CCDC34
iCMS2	CCDC85B
iCMS2	CCL20
iCMS2	CCT6A
iCMS2	CDC16
iCMS2	CDC25B
iCMS2	CDHR1
iCMS2	CDK4
iCMS2	CDK5RAP1
iCMS2	CDK8
iCMS2	CDX2
iCMS2	CEBPA
iCMS2	CEBPB
iCMS2	CFTR
iCMS2	CHCHD7
iCMS2	CHD6
iCMS2	CHMP4C
iCMS2	CHP2
iCMS2	CKB
iCMS2	COMMD6
iCMS2	COMMD7
iCMS2	COPS5
iCMS2	COX19
iCMS2	CPNE1
iCMS2	CSE1L
iCMS2	CSNK2A2
iCMS2	CTNNBL1
iCMS2	CTSA
iCMS2	CTSH
iCMS2	CXCL14
iCMS2	CYB5B
iCMS2	CYP2S1
iCMS2	CYP2W1
iCMS2	DAB2
iCMS2	DARS
iCMS2	DCAF13
iCMS2	DDAH2
iCMS2	DDC
iCMS2	DDX27
iCMS2	DIDO1
iCMS2	DKC1
iCMS2	DNAJC15
iCMS2	DNAJC5
iCMS2	DNTTIP1
iCMS2	DPEP1
iCMS2	DPM1
iCMS2	DYNLRB1
iCMS2	EDEM2
iCMS2	EDN1
iCMS2	EEPD1
iCMS2	EIF2S2
iCMS2	EIF3E
iCMS2	EIF3H
iCMS2	EIF6
iCMS2	EMD
iCMS2	EPB41L1
iCMS2	EPB41L5
iCMS2	EREG
iCMS2	ERGIC3
iCMS2	ESF1
iCMS2	ESPN
iCMS2	EXOSC5
iCMS2	FABP1
iCMS2	FARP1
iCMS2	FBL
iCMS2	FCGRT
iCMS2	FERMT1
iCMS2	FGGY
iCMS2	FMR1
iCMS2	FN1
iCMS2	FNTA
iCMS2	FTL
iCMS2	FTX
iCMS2	FUNDC2
iCMS2	GABRE
iCMS2	GAL
iCMS2	GGH
iCMS2	GID8
iCMS2	GJB1
iCMS2	GLA
iCMS2	GNPDA1
iCMS2	GOLGA7
iCMS2	GPALPP1
iCMS2	GPCPD1
iCMS2	GPSM2
iCMS2	GTF2F2
iCMS2	GTF2IRD1
iCMS2	GTF3A
iCMS2	HELZ2
iCMS2	HIBADH
iCMS2	HM13
iCMS2	HNF4A
iCMS2	HSD17B10
iCMS2	HUS1
iCMS2	ID1
iCMS2	IFITM1
iCMS2	IFT52
iCMS2	IGBP1
iCMS2	IMMP2L
iCMS2	IPO5
iCMS2	IRS2
iCMS2	KLC4
iCMS2	KPNA3
iCMS2	KRT23
iCMS2	LAGE3
iCMS2	LAMP2
iCMS2	LAPTM4B
iCMS2	LAS1L
iCMS2	LDHB
iCMS2	LY6G6F-LY6G6D
iCMS2	LYPLA1
iCMS2	MALSU1
iCMS2	MAPK13
iCMS2	MAPRE1
iCMS2	MAVS
iCMS2	MCTS1
iCMS2	MED30
iCMS2	MED4
iCMS2	MEP1A
iCMS2	MICU2
iCMS2	MOGAT3
iCMS2	MPLKIP
iCMS2	MRGBP
iCMS2	MRPL13
iCMS2	MRPS17
iCMS2	MRPS24
iCMS2	MRPS31
iCMS2	MYC
iCMS2	NAA10
iCMS2	NAA20
iCMS2	NAE1
iCMS2	NCBP2
iCMS2	NCOA3
iCMS2	NDFIP2
iCMS2	NDRG3
iCMS2	NEK3
iCMS2	NELFCD
iCMS2	NEU1
iCMS2	NEU4
iCMS2	NFS1
iCMS2	NHLRC3
iCMS2	NIP7
iCMS2	NIT2
iCMS2	NKAP
iCMS2	NKD1
iCMS2	NORAD
iCMS2	NOX1
iCMS2	NSDHL
iCMS2	NUAK2
iCMS2	NUDT4
iCMS2	NUPL2
iCMS2	NXPE4
iCMS2	NXT1
iCMS2	OGFR
iCMS2	OSBPL2
iCMS2	OSER1
iCMS2	PAK1IP1
iCMS2	PAN3
iCMS2	PCID2
iCMS2	PCIF1
iCMS2	PCMTD2
iCMS2	PCSK1N
iCMS2	PDP1
iCMS2	PDPK1
iCMS2	PDRG1
iCMS2	PEPD
iCMS2	PET117
iCMS2	PEX16
iCMS2	PFDN4
iCMS2	PGRMC1
iCMS2	PHF20
iCMS2	PHYH
iCMS2	PID1
iCMS2	PIGU
iCMS2	PKIG
iCMS2	PLAGL2
iCMS2	PLCB4
iCMS2	PLIN2
iCMS2	PLTP
iCMS2	PM20D2
iCMS2	PMEPA1
iCMS2	POFUT1
iCMS2	PPP1R14D
iCMS2	PQBP1
iCMS2	PRAP1
iCMS2	PRELID3B
iCMS2	PRKDC
iCMS2	PROSER1
iCMS2	PROX1
iCMS2	PRPF6
iCMS2	PRR15
iCMS2	PRSS23
iCMS2	PSMA7
iCMS2	PSPH
iCMS2	PTPRO
iCMS2	QPRT
iCMS2	RAB15
iCMS2	RAB20
iCMS2	RAB22A
iCMS2	RAE1
iCMS2	RALGAPB
iCMS2	RALY
iCMS2	RASL11A
iCMS2	RB1CC1
iCMS2	RBM39
iCMS2	RBMX2
iCMS2	RETREG1
iCMS2	RGMB
iCMS2	RIDA
iCMS2	RNASEH2B
iCMS2	RNF113A
iCMS2	RNF114
iCMS2	RNF170
iCMS2	RNF43
iCMS2	RNF6
iCMS2	RP9
iCMS2	RPIA
iCMS2	RPN2
iCMS2	RPRD1B
iCMS2	RPUSD1
iCMS2	RRP9
iCMS2	RRS1
iCMS2	RUBCNL
iCMS2	SATB2
iCMS2	SCAND1
iCMS2	SCARB1
iCMS2	SCML1
iCMS2	SELENOP
iCMS2	SEMA5A
iCMS2	SERINC3
iCMS2	SERPINE2
iCMS2	SHD
iCMS2	SINHCAF
iCMS2	SLC20A2
iCMS2	SLC26A2
iCMS2	SLC26A3
iCMS2	SLC29A1
iCMS2	SLC2A8
iCMS2	SLC35C2
iCMS2	SLC38A5
iCMS2	SLC39A5
iCMS2	SLC3A2
iCMS2	SLC52A2
iCMS2	SLC5A6
iCMS2	SLC7A6
iCMS2	SMAP1
iCMS2	SMIM26
iCMS2	SNRPB
iCMS2	SNRPB2
iCMS2	SOX4
iCMS2	SPATA13
iCMS2	SPINK1
iCMS2	SPRYD7
iCMS2	ST6GAL1
iCMS2	STAU1
iCMS2	STK4
iCMS2	STRAP
iCMS2	STX16
iCMS2	SUCLA2
iCMS2	SUPT20H
iCMS2	SYS1
iCMS2	TBC1D4
iCMS2	TBRG4
iCMS2	TCF7
iCMS2	TDGF1
iCMS2	TFCP2L1
iCMS2	THBS1
iCMS2	TIMM17B
iCMS2	TIMM8A
iCMS2	TIMP3
iCMS2	TLE2
iCMS2	TNNC2
iCMS2	TOMM34
iCMS2	TOP1MT
iCMS2	TP53RK
iCMS2	TPD52L2
iCMS2	TPX2
iCMS2	TRAP1
iCMS2	TRIB3
iCMS2	TRPC4AP
iCMS2	TSC22D1
iCMS2	TSPAN6
iCMS2	TWISTNB
iCMS2	TXLNG
iCMS2	TXNDC9
iCMS2	UBA2
iCMS2	UBAC2
iCMS2	UBE2C
iCMS2	UCA1
iCMS2	UCHL3
iCMS2	UCKL1
iCMS2	UGT2A3
iCMS2	UPF3A
iCMS2	UTP14A
iCMS2	UTP23
iCMS2	UTP4
iCMS2	VAPB
iCMS2	VAV3
iCMS2	VBP1
iCMS2	VMA21
iCMS2	XRN2
iCMS2	YAE1D1
iCMS2	YTHDF1
iCMS2	YWHAB
iCMS2	ZBTB10
iCMS2	ZC3H13
iCMS2	ZDHHC9
iCMS2	ZFAND1
iCMS2	ZFAS1
iCMS2	ZMYND8
iCMS2	ZNF503
iCMS3	ABHD3
iCMS3	ABO
iCMS3	ACADS
iCMS3	ACER3
iCMS3	ADAM9
iCMS3	AGR2
iCMS3	AGR3
iCMS3	AGRN
iCMS3	AHNAK
iCMS3	AKAP13
iCMS3	AKR7A3
iCMS3	AKT1
iCMS3	ALDH6A1
iCMS3	ALDOB
iCMS3	AMN
iCMS3	ANG
iCMS3	ANKRD36C
iCMS3	ANPEP
iCMS3	ANXA1
iCMS3	ANXA13
iCMS3	AQP3
iCMS3	ARSA
iCMS3	ASAP2
iCMS3	ASRGL1
iCMS3	ATL3
iCMS3	ATP1B1
iCMS3	ATP2A3
iCMS3	ATP8A1
iCMS3	ATP8B1
iCMS3	B3GALT5
iCMS3	B3GNT7
iCMS3	BAIAP2L2
iCMS3	BCAS1
iCMS3	BNIP3L
iCMS3	BTBD6
iCMS3	C12ORF57
iCMS3	C18ORF32
iCMS3	C2ORF88
iCMS3	C4BPB
iCMS3	C9ORF3
iCMS3	CA12
iCMS3	CA2
iCMS3	CA7
iCMS3	CA9
iCMS3	CAMK2D
iCMS3	CANT1
iCMS3	CARD16
iCMS3	CASC4
iCMS3	CASZ1
iCMS3	CCAR2
iCMS3	CCDC68
iCMS3	CCNG2
iCMS3	CD55
iCMS3	CDC42EP1
iCMS3	CDC42EP5
iCMS3	CDKN2A
iCMS3	CDKN2B
iCMS3	CEACAM7
iCMS3	CEP70
iCMS3	CFD
iCMS3	CHCHD10
iCMS3	CHD3
iCMS3	CKAP4
iCMS3	CLCA1
iCMS3	CLCA4
iCMS3	CLSTN1
iCMS3	CLU
iCMS3	COL16A1
iCMS3	COPG1
iCMS3	CRACR2B
iCMS3	CREB3L1
iCMS3	CRELD2
iCMS3	CRIP1
iCMS3	CTNNBIP1
iCMS3	CTSE
iCMS3	CXCL3
iCMS3	CXXC1
iCMS3	CYR61
iCMS3	CYSTM1
iCMS3	DEFA6
iCMS3	DEGS2
iCMS3	DENND2A
iCMS3	DEPP1
iCMS3	DGLUCY
iCMS3	DHRS1
iCMS3	DIP2A
iCMS3	DMBT1
iCMS3	DNAJC10
iCMS3	DOCK5
iCMS3	DPYSL2
iCMS3	DUSP4
iCMS3	EDEM3
iCMS3	EGLN3
iCMS3	ENOSF1
iCMS3	ENTPD8
iCMS3	EPS8L1
iCMS3	ERGIC1
iCMS3	ERN2
iCMS3	F3
iCMS3	FA2H
iCMS3	FABP2
iCMS3	FAM107B
iCMS3	FAM114A1
iCMS3	FBXW5
iCMS3	FCGBP
iCMS3	FFAR4
iCMS3	FGFBP1
iCMS3	FLII
iCMS3	FOXA1
iCMS3	FOXA3
iCMS3	FOXP1
iCMS3	FRMD4B
iCMS3	FUT8
iCMS3	GALNT1
iCMS3	GALNT12
iCMS3	GALNT5
iCMS3	GALNT7
iCMS3	GBA2
iCMS3	GBP3
iCMS3	GCNT3
iCMS3	GNAQ
iCMS3	GOLM1
iCMS3	GPRIN3
iCMS3	GPT
iCMS3	GSDMB
iCMS3	GSKIP
iCMS3	GSN
iCMS3	GSR
iCMS3	GSTZ1
iCMS3	HEPACAM2
iCMS3	HES4
iCMS3	HID1
iCMS3	HIF1A
iCMS3	HIPK1
iCMS3	HIPK2
iCMS3	HSD17B2
iCMS3	IER3IP1
iCMS3	IFI16
iCMS3	IFI27L1
iCMS3	IFI6
iCMS3	IGFBP2
iCMS3	IL18
iCMS3	IL1R2
iCMS3	IMPA2
iCMS3	IMPACT
iCMS3	IQGAP2
iCMS3	ITLN1
iCMS3	KCNK1
iCMS3	KCTD12
iCMS3	KDELR3
iCMS3	KIAA1324
iCMS3	KIAA1468
iCMS3	KIAA1522
iCMS3	KLF2
iCMS3	KLF9
iCMS3	KLK1
iCMS3	KLK11
iCMS3	KRT7
iCMS3	L1TD1
iCMS3	LAMA3
iCMS3	LCN15
iCMS3	LGALS2
iCMS3	LGR4
iCMS3	LIMA1
iCMS3	LINC00467
iCMS3	LIPG
iCMS3	LMAN1
iCMS3	LMF2
iCMS3	LMNA
iCMS3	LMO4
iCMS3	LPCAT4
iCMS3	LPIN1
iCMS3	LRP10
iCMS3	LRRC26
iCMS3	LXN
iCMS3	LYZ
iCMS3	MAPRE2
iCMS3	MATN2
iCMS3	MBP
iCMS3	MCU
iCMS3	ME1
iCMS3	MFHAS1
iCMS3	MIA2
iCMS3	MIA3
iCMS3	MLPH
iCMS3	MMP28
iCMS3	MMP7
iCMS3	MPDU1
iCMS3	MPPE1
iCMS3	MS4A12
iCMS3	MUC1
iCMS3	MUC17
iCMS3	MUC2
iCMS3	MUC4
iCMS3	MUC5AC
iCMS3	MUC5B
iCMS3	MYO5C
iCMS3	MYOF
iCMS3	NAA38
iCMS3	NBL1
iCMS3	NDRG2
iCMS3	NDUFA4L2
iCMS3	NDUFV2
iCMS3	NEO1
iCMS3	NFIC
iCMS3	NPDC1
iCMS3	NPTN
iCMS3	NR3C2
iCMS3	NR4A2
iCMS3	NUCB2
iCMS3	NUDT8
iCMS3	NUMB
iCMS3	P2RX4
iCMS3	PADI2
iCMS3	PALLD
iCMS3	PAPSS2
iCMS3	PCM1
iCMS3	PDE4DIP
iCMS3	PDLIM5
iCMS3	PFKP
iCMS3	PIAS2
iCMS3	PIGR
iCMS3	PLA2G10
iCMS3	PLA2G2A
iCMS3	PLAC8
iCMS3	PLLP
iCMS3	PMP22
iCMS3	POLD3
iCMS3	PPP1R12B
iCMS3	PPP2CB
iCMS3	PPP3CA
iCMS3	PPP4R1
iCMS3	PPP6R1
iCMS3	PQLC1
iCMS3	PRSS2
iCMS3	PTAR1
iCMS3	PTGFRN
iCMS3	PTPN18
iCMS3	PTPRF
iCMS3	PTPRH
iCMS3	PYY
iCMS3	QSOX1
iCMS3	RAMP1
iCMS3	RAP1GAP
iCMS3	RARRES1
iCMS3	RARRES3
iCMS3	RASD1
iCMS3	RASSF6
iCMS3	RCOR1
iCMS3	REG1A
iCMS3	REG1B
iCMS3	REG3A
iCMS3	REG4
iCMS3	REP15
iCMS3	RETNLB
iCMS3	RGS10
iCMS3	RGS2
iCMS3	RHBDL2
iCMS3	RHOBTB3
iCMS3	RIOK3
iCMS3	RNASE1
iCMS3	RNF11
iCMS3	RNF138
iCMS3	RNF19B
iCMS3	S100A13
iCMS3	S100A14
iCMS3	S100P
iCMS3	SAMD5
iCMS3	SCNN1A
iCMS3	SCP2
iCMS3	SDR16C5
iCMS3	SEC24D
iCMS3	SERPINA1
iCMS3	SERPINB5
iCMS3	SEZ6L2
iCMS3	SGMS2
iCMS3	SH3BGRL3
iCMS3	SHROOM3
iCMS3	SIPA1L2
iCMS3	SLC22A23
iCMS3	SLC25A37
iCMS3	SLC28A2
iCMS3	SLC35A1
iCMS3	SLC37A1
iCMS3	SLC4A4
iCMS3	SLC6A14
iCMS3	SLC9A1
iCMS3	SLC9A2
iCMS3	SMAD2
iCMS3	SMAD4
iCMS3	SMCHD1
iCMS3	SMCO4
iCMS3	SMIM14
iCMS3	SMIM31
iCMS3	SMPDL3A
iCMS3	SOCS6
iCMS3	SPDEF
iCMS3	SPINK4
iCMS3	SPON1
iCMS3	SPRED1
iCMS3	ST3GAL4
iCMS3	ST6GALNAC1
iCMS3	STIM2
iCMS3	STXBP5
iCMS3	STXBP6
iCMS3	SYT13
iCMS3	SYTL1
iCMS3	TC2N
iCMS3	TCEA3
iCMS3	TCIRG1
iCMS3	TFF1
iCMS3	TFF2
iCMS3	TFF3
iCMS3	TLN2
iCMS3	TM4SF4
iCMS3	TMED10
iCMS3	TMED7
iCMS3	TMEM173
iCMS3	TMEM263
iCMS3	TMEM30B
iCMS3	TMEM92
iCMS3	TNFRSF10B
iCMS3	TNFRSF11A
iCMS3	TNIK
iCMS3	TOR4A
iCMS3	TP53I3
iCMS3	TPGS1
iCMS3	TPSG1
iCMS3	TRIM29
iCMS3	TRIP11
iCMS3	TSPAN1
iCMS3	TSPAN13
iCMS3	TSTA3
iCMS3	TUBB2A
iCMS3	TVP23B
iCMS3	TYMP
iCMS3	TYMS
iCMS3	UGDH
iCMS3	UGT2B17
iCMS3	UGT8
iCMS3	UNC13B
iCMS3	VAMP2
iCMS3	VAPA
iCMS3	VILL
iCMS3	VSIG2
iCMS3	WARS
iCMS3	ZNF24
E2F	AK2
E2F	ANP32E
E2F	ASF1A
E2F	ASF1B
E2F	ATAD2
E2F	AURKA
E2F	AURKB
E2F	BARD1
E2F	BIRC5
E2F	BRCA1
E2F	BRCA2
E2F	BRMS1L
E2F	BUB1B
E2F	CBX5
E2F	CCNB2
E2F	CCNE1
E2F	CCP110
E2F	CDC20
E2F	CDC25A
E2F	CDC25B
E2F	CDCA3
E2F	CDCA8
E2F	CDK1
E2F	CDK4
E2F	CDKN1A
E2F	CDKN1B
E2F	CDKN2A
E2F	CDKN2C
E2F	CDKN3
E2F	CENPE
E2F	CENPM
E2F	CHEK1
E2F	CHEK2
E2F	CIT
E2F	CKS1B
E2F	CKS2
E2F	CNOT9
E2F	CSE1L
E2F	CTCF
E2F	CTPS1
E2F	DCK
E2F	DCLRE1B
E2F	DCTPP1
E2F	DDX39A
E2F	DEK
E2F	DEPDC1
E2F	DIAPH3
E2F	DLGAP5
E2F	DNMT1
E2F	DONSON
E2F	DSCC1
E2F	DUT
E2F	E2F8
E2F	EED
E2F	EIF2S1
E2F	ESPL1
E2F	EXOSC8
E2F	EZH2
E2F	GINS1
E2F	GINS3
E2F	GINS4
E2F	GSPT1
E2F	H2AX
E2F	H2AZ1
E2F	HELLS
E2F	HMGA1
E2F	HMGB2
E2F	HMGB3
E2F	HMMR
E2F	HNRNPD
E2F	HUS1
E2F	ILF3
E2F	ING3
E2F	IPO7
E2F	JPT1
E2F	KIF18B
E2F	KIF22
E2F	KIF2C
E2F	KIF4A
E2F	KPNA2
E2F	LBR
E2F	LIG1
E2F	LMNB1
E2F	LUC7L3
E2F	LYAR
E2F	MAD2L1
E2F	MCM2
E2F	MCM3
E2F	MCM4
E2F	MCM5
E2F	MCM6
E2F	MCM7
E2F	MELK
E2F	MKI67
E2F	MLH1
E2F	MMS22L
E2F	MRE11
E2F	MSH2
E2F	MTHFD2
E2F	MXD3
E2F	MYBL2
E2F	MYC
E2F	NAA38
E2F	NAP1L1
E2F	NASP
E2F	NBN
E2F	NCAPD2
E2F	NME1
E2F	NOLC1
E2F	NOP56
E2F	NUDT21
E2F	NUP107
E2F	NUP153
E2F	NUP205
E2F	ORC2
E2F	ORC6
E2F	PA2G4
E2F	PAICS
E2F	PAN2
E2F	PCNA
E2F	PDS5B
E2F	PHF5A
E2F	PLK1
E2F	PLK4
E2F	PMS2
E2F	PNN
E2F	POLA2
E2F	POLD1
E2F	POLD2
E2F	POLD3
E2F	POLE
E2F	POLE4
E2F	POP7
E2F	PPM1D
E2F	PPP1R8
E2F	PRDX4
E2F	PRIM2
E2F	PRKDC
E2F	PRPS1
E2F	PSIP1
E2F	PSMC3IP
E2F	PTTG1
E2F	RACGAP1
E2F	RAD1
E2F	RAD21
E2F	RAD50
E2F	RAD51AP1
E2F	RAD51C
E2F	RAN
E2F	RANBP1
E2F	RBBP7
E2F	RFC1
E2F	RFC2
E2F	RFC3
E2F	RNASEH2A
E2F	RPA1
E2F	RPA2
E2F	RPA3
E2F	RRM2
E2F	SHMT1
E2F	SLBP
E2F	SMC1A
E2F	SMC3
E2F	SMC4
E2F	SMC6
E2F	SNRPB
E2F	SPAG5
E2F	SPC24
E2F	SPC25
E2F	SRSF1
E2F	SRSF2
E2F	SSRP1
E2F	STAG1
E2F	STMN1
E2F	SUV39H1
E2F	SYNCRIP
E2F	TACC3
E2F	TBRG4
E2F	TCF19
E2F	TFRC
E2F	TIMELESS
E2F	TIPIN
E2F	TK1
E2F	TMPO
E2F	TOP2A
E2F	TP53
E2F	TRA2B
E2F	TRIP13
E2F	TUBB
E2F	TUBG1
E2F	UBE2S
E2F	UBE2T
E2F	UBR7
E2F	UNG
E2F	USP1
E2F	WDR90
E2F	WEE1
E2F	XPO1
E2F	XRCC6
E2F	ZW10
Hypoxia	ACKR3
Hypoxia	ADM
Hypoxia	ADORA2B
Hypoxia	AK4
Hypoxia	AKAP12
Hypoxia	ALDOA
Hypoxia	ALDOB
Hypoxia	ALDOC
Hypoxia	AMPD3
Hypoxia	ANGPTL4
Hypoxia	ANKZF1
Hypoxia	ANXA2
Hypoxia	ATF3
Hypoxia	ATP7A
Hypoxia	B3GALT6
Hypoxia	B4GALNT2
Hypoxia	BCAN
Hypoxia	BCL2
Hypoxia	BGN
Hypoxia	BHLHE40
Hypoxia	BNIP3L
Hypoxia	BRS3
Hypoxia	BTG1
Hypoxia	CA12
Hypoxia	CASP6
Hypoxia	CAV1
Hypoxia	CAVIN1
Hypoxia	CAVIN3
Hypoxia	CCN1
Hypoxia	CCN2
Hypoxia	CCN5
Hypoxia	CCNG2
Hypoxia	CDKN1A
Hypoxia	CDKN1B
Hypoxia	CDKN1C
Hypoxia	CHST2
Hypoxia	CHST3
Hypoxia	CITED2
Hypoxia	COL5A1
Hypoxia	CP
Hypoxia	CSRP2
Hypoxia	CXCR4
Hypoxia	DCN
Hypoxia	DDIT3
Hypoxia	DDIT4
Hypoxia	DPYSL4
Hypoxia	DTNA
Hypoxia	DUSP1
Hypoxia	EDN2
Hypoxia	EFNA1
Hypoxia	EFNA3
Hypoxia	EGFR
Hypoxia	ENO1
Hypoxia	ENO2
Hypoxia	ENO3
Hypoxia	ERO1A
Hypoxia	ERRFI1
Hypoxia	ETS1
Hypoxia	EXT1
Hypoxia	F3
Hypoxia	FAM162A
Hypoxia	FBP1
Hypoxia	FOS
Hypoxia	FOSL2
Hypoxia	FOXO3
Hypoxia	GAA
Hypoxia	GALK1
Hypoxia	GAPDH
Hypoxia	GAPDHS
Hypoxia	GBE1
Hypoxia	GCK
Hypoxia	GCNT2
Hypoxia	GLRX
Hypoxia	GPC1
Hypoxia	GPC3
Hypoxia	GPC4
Hypoxia	GPI
Hypoxia	GRHPR
Hypoxia	GYS1
Hypoxia	HAS1
Hypoxia	HDLBP
Hypoxia	HEXA
Hypoxia	HK1
Hypoxia	HK2
Hypoxia	HMOX1
Hypoxia	HOXB9
Hypoxia	HS3ST1
Hypoxia	HSPA5
Hypoxia	IDS
Hypoxia	IER3
Hypoxia	IGFBP1
Hypoxia	IGFBP3
Hypoxia	IL6
Hypoxia	ILVBL
Hypoxia	INHA
Hypoxia	IRS2
Hypoxia	ISG20
Hypoxia	JMJD6
Hypoxia	JUN
Hypoxia	KDELR3
Hypoxia	KDM3A
Hypoxia	KIF5A
Hypoxia	KLF6
Hypoxia	KLF7
Hypoxia	KLHL24
Hypoxia	LALBA
Hypoxia	LARGE1
Hypoxia	LDHA
Hypoxia	LDHC
Hypoxia	LOX
Hypoxia	LXN
Hypoxia	MAFF
Hypoxia	MAP3K1
Hypoxia	MIF
Hypoxia	MT1E
Hypoxia	MT2A
Hypoxia	MXI1
Hypoxia	MYH9
Hypoxia	NAGK
Hypoxia	NCAN
Hypoxia	NDRG1
Hypoxia	NDST1
Hypoxia	NDST2
Hypoxia	NEDD4L
Hypoxia	NFIL3
Hypoxia	NOCT
Hypoxia	NR3C1
Hypoxia	P4HA1
Hypoxia	P4HA2
Hypoxia	PAM
Hypoxia	PCK1
Hypoxia	PDGFB
Hypoxia	PDK1
Hypoxia	PDK3
Hypoxia	PFKFB3
Hypoxia	PFKL
Hypoxia	PFKP
Hypoxia	PGAM2
Hypoxia	PGF
Hypoxia	PGK1
Hypoxia	PGM1
Hypoxia	PGM2
Hypoxia	PHKG1
Hypoxia	PIM1
Hypoxia	PKLR
Hypoxia	PKP1
Hypoxia	PLAC8
Hypoxia	PLAUR
Hypoxia	PLIN2
Hypoxia	PNRC1
Hypoxia	PPARGC1A
Hypoxia	PPFIA4
Hypoxia	PPP1R15A
Hypoxia	PPP1R3C
Hypoxia	PRDX5
Hypoxia	PRKCA
Hypoxia	PYGM
Hypoxia	RBPJ
Hypoxia	RORA
Hypoxia	RRAGD
Hypoxia	S100A4
Hypoxia	SAP30
Hypoxia	SCARB1
Hypoxia	SDC2
Hypoxia	SDC3
Hypoxia	SDC4
Hypoxia	SELENBP1
Hypoxia	SERPINE1
Hypoxia	SIAH2
Hypoxia	SLC25A1
Hypoxia	SLC2A1
Hypoxia	SLC2A3
Hypoxia	SLC2A5
Hypoxia	SLC37A4
Hypoxia	SLC6A6
Hypoxia	SRPX
Hypoxia	STBD1
Hypoxia	STC1
Hypoxia	STC2
Hypoxia	SULT2B1
Hypoxia	TES
Hypoxia	TGFB3
Hypoxia	TGFBI
Hypoxia	TGM2
Hypoxia	TIPARP
Hypoxia	TKTL1
Hypoxia	TMEM45A
Hypoxia	TNFAIP3
Hypoxia	TPBG
Hypoxia	TPD52
Hypoxia	TPI1
Hypoxia	TPST2
Hypoxia	UGP2
Hypoxia	VEGFA
Hypoxia	VHL
Hypoxia	VLDLR
Hypoxia	WSB1
Hypoxia	XPNPEP1
Hypoxia	ZFP36
Hypoxia	ZNF292
Epithelial	CDH1
Epithelial	EPCAM
Epithelial	KRT18
Epithelial	KRT19
Epithelial	KRT8
Epithelial	MUC1
Epithelial	TACSTD2
Liver	ALB
Liver	APOA1
Liver	APOA2
Liver	ASGR1
Liver	CPS1
Liver	TTR
