component	omitted	method	effect
HRC	KR-003	fixed_scores	0.5482766430187
HRC	KR-003	gene_restandardization	0.557352269898352
HRC	KR-005	fixed_scores	0.439156097726946
HRC	KR-005	gene_restandardization	0.444485535804897
HRC	KR-007	fixed_scores	0.525355163541467
HRC	KR-007	gene_restandardization	0.536439059417555
HRC	KR-011	fixed_scores	0.544699753016279
HRC	KR-011	gene_restandardization	0.540443350271455
HRC	KR-015	fixed_scores	0.504408690914662
HRC	KR-015	gene_restandardization	0.503166347798407
HRC	KR-017	fixed_scores	0.511145132979519
HRC	KR-017	gene_restandardization	0.503114428733702
HRC	KR-025	fixed_scores	0.465058404753171
HRC	KR-025	gene_restandardization	0.473640122040324
HRC	KR-027	fixed_scores	0.543568197601402
HRC	KR-027	gene_restandardization	0.536448448161881
HRC	KR-064	fixed_scores	0.52558408368083
HRC	KR-064	gene_restandardization	0.52135678131058
HRC	KR-009	fixed_scores	0.485092889163235
HRC	KR-009	gene_restandardization	0.486993396909848
HRC	KR-013	fixed_scores	0.522951132251757
HRC	KR-013	gene_restandardization	0.510921536770844
HRC	KR-019	fixed_scores	0.59536561216956
HRC	KR-019	gene_restandardization	0.588719314979798
HRC	KR-021	fixed_scores	0.5868760657913
HRC	KR-021	gene_restandardization	0.581932203252343
HRC	KR-031	fixed_scores	0.424286507941745
HRC	KR-031	gene_restandardization	0.425534516489671
HRC	KR-066	fixed_scores	0.456929237504387
HRC	KR-066	gene_restandardization	0.456372999538838
Junction	KR-003	fixed_scores	0.321400592953169
Junction	KR-003	gene_restandardization	0.31298776351831
Junction	KR-005	fixed_scores	0.285341241153723
Junction	KR-005	gene_restandardization	0.27926312336629
Junction	KR-007	fixed_scores	0.303222518359402
Junction	KR-007	gene_restandardization	0.310993386612278
Junction	KR-011	fixed_scores	0.273118668211002
Junction	KR-011	gene_restandardization	0.265000650932301
Junction	KR-015	fixed_scores	0.294406791450893
Junction	KR-015	gene_restandardization	0.303112674162343
Junction	KR-017	fixed_scores	0.305156060455509
Junction	KR-017	gene_restandardization	0.303825962088415
Junction	KR-025	fixed_scores	0.27475989324471
Junction	KR-025	gene_restandardization	0.271772121542563
Junction	KR-027	fixed_scores	0.298604107373177
Junction	KR-027	gene_restandardization	0.286967226441647
Junction	KR-064	fixed_scores	0.21913170545939
Junction	KR-064	gene_restandardization	0.209618748328453
Junction	KR-009	fixed_scores	0.293141900822914
Junction	KR-009	gene_restandardization	0.306869815210029
Junction	KR-013	fixed_scores	0.289151596805937
Junction	KR-013	gene_restandardization	0.285693276024971
Junction	KR-019	fixed_scores	0.261772867091249
Junction	KR-019	gene_restandardization	0.269010950391594
Junction	KR-021	fixed_scores	0.274988001373862
Junction	KR-021	gene_restandardization	0.270229918258808
Junction	KR-031	fixed_scores	0.287470343002414
Junction	KR-031	gene_restandardization	0.293551118340764
Junction	KR-066	fixed_scores	0.310236343344273
Junction	KR-066	gene_restandardization	0.312503077456189
E2F	KR-003	fixed_scores	-0.357946347090183
E2F	KR-003	gene_restandardization	-0.353726277294047
E2F	KR-005	fixed_scores	-0.312500399554752
E2F	KR-005	gene_restandardization	-0.315246849351719
E2F	KR-007	fixed_scores	-0.360253509148335
E2F	KR-007	gene_restandardization	-0.353105469812219
E2F	KR-011	fixed_scores	-0.465183361025872
E2F	KR-011	gene_restandardization	-0.479609731502342
E2F	KR-015	fixed_scores	-0.310335185488428
E2F	KR-015	gene_restandardization	-0.306647152623983
E2F	KR-017	fixed_scores	-0.345742218782546
E2F	KR-017	gene_restandardization	-0.340015566387924
E2F	KR-025	fixed_scores	-0.392333441900475
E2F	KR-025	gene_restandardization	-0.409057565358272
E2F	KR-027	fixed_scores	-0.397079730005417
E2F	KR-027	gene_restandardization	-0.391576229477519
E2F	KR-064	fixed_scores	-0.327540636561925
E2F	KR-064	gene_restandardization	-0.323851081429235
E2F	KR-009	fixed_scores	-0.235343559429211
E2F	KR-009	gene_restandardization	-0.239276528762279
E2F	KR-013	fixed_scores	-0.389531399244728
E2F	KR-013	gene_restandardization	-0.380291914420914
E2F	KR-019	fixed_scores	-0.507236818609785
E2F	KR-019	gene_restandardization	-0.518880895712451
E2F	KR-021	fixed_scores	-0.433685136484434
E2F	KR-021	gene_restandardization	-0.425703154841454
E2F	KR-031	fixed_scores	-0.214263163369632
E2F	KR-031	gene_restandardization	-0.222313690192831
E2F	KR-066	fixed_scores	-0.399216475900832
E2F	KR-066	gene_restandardization	-0.395144553397779
G2M	KR-003	fixed_scores	-0.251190679499864
G2M	KR-003	gene_restandardization	-0.247957300620127
G2M	KR-005	fixed_scores	-0.248016187782135
G2M	KR-005	gene_restandardization	-0.254047321372883
G2M	KR-007	fixed_scores	-0.251758311464837
G2M	KR-007	gene_restandardization	-0.248610031044239
G2M	KR-011	fixed_scores	-0.339032362791899
G2M	KR-011	gene_restandardization	-0.354432570479063
G2M	KR-015	fixed_scores	-0.210435938809358
G2M	KR-015	gene_restandardization	-0.208728514311177
G2M	KR-017	fixed_scores	-0.271881440156913
G2M	KR-017	gene_restandardization	-0.264510386520235
G2M	KR-025	fixed_scores	-0.336357366201743
G2M	KR-025	gene_restandardization	-0.354989096360193
G2M	KR-027	fixed_scores	-0.273604172007183
G2M	KR-027	gene_restandardization	-0.269156950153299
G2M	KR-064	fixed_scores	-0.19566405462865
G2M	KR-064	gene_restandardization	-0.19367974988284
G2M	KR-009	fixed_scores	-0.163728885902354
G2M	KR-009	gene_restandardization	-0.170287528795955
G2M	KR-013	fixed_scores	-0.307544333905403
G2M	KR-013	gene_restandardization	-0.299374709376518
G2M	KR-019	fixed_scores	-0.328941451399171
G2M	KR-019	gene_restandardization	-0.333295639330322
G2M	KR-021	fixed_scores	-0.30722383011004
G2M	KR-021	gene_restandardization	-0.302159334743259
G2M	KR-031	fixed_scores	-0.169400552345383
G2M	KR-031	gene_restandardization	-0.175922954860059
G2M	KR-066	fixed_scores	-0.30845462189937
G2M	KR-066	gene_restandardization	-0.303650671996599
HRC_disjoint	KR-003	fixed_scores	0.564148386744377
HRC_disjoint	KR-003	gene_restandardization	0.573350738663883
HRC_disjoint	KR-005	fixed_scores	0.453621299025035
HRC_disjoint	KR-005	gene_restandardization	0.459409632204059
HRC_disjoint	KR-007	fixed_scores	0.5370992945724
HRC_disjoint	KR-007	gene_restandardization	0.548393998295579
HRC_disjoint	KR-011	fixed_scores	0.559772811213536
HRC_disjoint	KR-011	gene_restandardization	0.555505422532355
HRC_disjoint	KR-015	fixed_scores	0.516454130615382
HRC_disjoint	KR-015	gene_restandardization	0.514892767437747
HRC_disjoint	KR-017	fixed_scores	0.525040273542929
HRC_disjoint	KR-017	gene_restandardization	0.516753406120969
HRC_disjoint	KR-025	fixed_scores	0.47785274368775
HRC_disjoint	KR-025	gene_restandardization	0.486739259080146
HRC_disjoint	KR-027	fixed_scores	0.556884048470648
HRC_disjoint	KR-027	gene_restandardization	0.549588539190866
HRC_disjoint	KR-064	fixed_scores	0.540268080667794
HRC_disjoint	KR-064	gene_restandardization	0.53586996233275
HRC_disjoint	KR-009	fixed_scores	0.496023750920558
HRC_disjoint	KR-009	gene_restandardization	0.497967799470715
HRC_disjoint	KR-013	fixed_scores	0.537407219224966
HRC_disjoint	KR-013	gene_restandardization	0.524999513239102
HRC_disjoint	KR-019	fixed_scores	0.611409519211442
HRC_disjoint	KR-019	gene_restandardization	0.604743857251249
HRC_disjoint	KR-021	fixed_scores	0.604489615537686
HRC_disjoint	KR-021	gene_restandardization	0.599541392829653
HRC_disjoint	KR-031	fixed_scores	0.436224022876493
HRC_disjoint	KR-031	gene_restandardization	0.437423890211991
HRC_disjoint	KR-066	fixed_scores	0.46853991792209
HRC_disjoint	KR-066	gene_restandardization	0.467914698207646
Junction_disjoint	KR-003	fixed_scores	0.361941498868872
Junction_disjoint	KR-003	gene_restandardization	0.352646437363128
Junction_disjoint	KR-005	fixed_scores	0.326362949237262
Junction_disjoint	KR-005	gene_restandardization	0.321084059252566
Junction_disjoint	KR-007	fixed_scores	0.329046639804575
Junction_disjoint	KR-007	gene_restandardization	0.337332919220035
Junction_disjoint	KR-011	fixed_scores	0.307302451254422
Junction_disjoint	KR-011	gene_restandardization	0.298847245782578
Junction_disjoint	KR-015	fixed_scores	0.322264982706311
Junction_disjoint	KR-015	gene_restandardization	0.330570463334078
Junction_disjoint	KR-017	fixed_scores	0.3400814530892
Junction_disjoint	KR-017	gene_restandardization	0.338330805107638
Junction_disjoint	KR-025	fixed_scores	0.306870092312715
Junction_disjoint	KR-025	gene_restandardization	0.304106045303623
Junction_disjoint	KR-027	fixed_scores	0.328414786300942
Junction_disjoint	KR-027	gene_restandardization	0.315788234299843
Junction_disjoint	KR-064	fixed_scores	0.249211511510111
Junction_disjoint	KR-064	gene_restandardization	0.238667830295449
Junction_disjoint	KR-009	fixed_scores	0.318316127371568
Junction_disjoint	KR-009	gene_restandardization	0.333112933667057
Junction_disjoint	KR-013	fixed_scores	0.323987334942983
Junction_disjoint	KR-013	gene_restandardization	0.319806785370849
Junction_disjoint	KR-019	fixed_scores	0.294733854738258
Junction_disjoint	KR-019	gene_restandardization	0.302969211415111
Junction_disjoint	KR-021	fixed_scores	0.315353812799703
Junction_disjoint	KR-021	gene_restandardization	0.310594089022553
Junction_disjoint	KR-031	fixed_scores	0.320563865653276
Junction_disjoint	KR-031	gene_restandardization	0.326840491699325
Junction_disjoint	KR-066	fixed_scores	0.341375914550485
Junction_disjoint	KR-066	gene_restandardization	0.343607751662782
