scoring	model	endpoint	k	n_patients	estimate	se	low	high	p	tau2	I2	Q	Q_p	df	q_member_family
"fixed_background"	"common"	"Claudin_minus_Polarity"	5	28	0.0880079933785356	0.0230815779554603	0.0239232592438564	0.152092727513215	0.0188928617314232	0.00105326883443451	34.7266291204384	5.40426672258928	0.24827354822144	4	NA
"fixed_background"	"common"	"Claudin"	5	28	0.178039961869017	0.030868658531164	0.0923348259861443	0.263745097751889	0.00448507540443455	0.00185429036724907	49.8843192137653	8.00945189826372	0.0912325722973809	4	NA
"fixed_background"	"common"	"Polarity"	5	28	0.101751462463931	0.0288661902206057	0.0216060699202218	0.18189685500764	0.0243414266076117	0.0038658840736088	88.3832386208185	53.6558032127184	6.21256335185264e-11	4	NA
"target_mean"	"common"	"Claudin_minus_Polarity"	5	28	0.0545549744330012	0.0178244783065346	0.00506628888611883	0.104043659979883	0.0376336106033428	0.000339204049736102	19.5015793047078	4.62986228481542	0.32742564413074	4	NA
"target_mean"	"common"	"Claudin"	5	28	0.20045925122254	0.03235339227772	0.11063183359652	0.290286668848559	0.00345012082292898	0.00311460272536391	64.6789705013977	10.1781811161135	0.0375308573712515	4	NA
"target_mean"	"common"	"Polarity"	5	28	0.133127256738317	0.0283097427182068	0.0545268101389427	0.211727703337691	0.00929099908044835	0.00239631753234917	75.5710768729126	12.8446717812937	0.012060229319866	4	NA
"fixed_background"	"common"	"CLDN1"	5	28	0.0632417382695243	0.00782972766214696	0.0415029292269246	0.084980547312124	0.00127643097413874	0	0	1.92087999798672	0.750308321449299	4	0.019146464612081
"fixed_background"	"common"	"CLDN10"	4	22	-0.0455617939917619	0.00588590043249261	-0.0642933560764158	-0.026830231907108	0.00448344033401004	0	0	1.2253913951739	0.746921068909374	3	0.0269006420040603
"fixed_background"	"common"	"CLDN11"	3	18	-0.021274463642144	0.00499036143260231	-0.0427462558825668	0.00019732859827876	0.0508619413732933	0	0	0.502876235532603	0.777681580794093	2	0.117373710861446
"fixed_background"	"common"	"CLDN12"	5	28	0.0459612907350293	0.0149690472323728	0.00440055281723341	0.0875220286528253	0.0372776385934633	0.000527028797716832	55.0277835060414	8.67934044452305	0.0696337213146715	4	0.101666287073082
"fixed_background"	"common"	"CLDN14"	3	19	-0.0237792342983189	0.0113366567308151	-0.072556931327393	0.0249984627307552	0.170851838370777	0	0	2.16154319269249	0.339333596043108	2	0.26096213048939
"fixed_background"	"common"	"CLDN15"	5	28	-0.0119451688137206	0.0109711242149097	-0.0424058929387238	0.0185155553112825	0.337454636978917	0.000148927880160997	23.2394417790128	4.96503454297523	0.2909040226399	4	0.421818296223647
"fixed_background"	"common"	"CLDN16"	4	23	-0.00273414528949941	0.00417869618143415	-0.0160326215130077	0.0105643309340089	0.559600137924456	0	0	2.08002024900058	0.555965366366892	3	0.671520165509347
"fixed_background"	"common"	"CLDN17"	0	NA	NA	NA	NA	NA	NA	NA	NA	NA	NA	NA	NA
"fixed_background"	"common"	"CLDN18"	1	NA	NA	NA	NA	NA	NA	NA	NA	NA	NA	NA	NA
"fixed_background"	"common"	"CLDN19"	2	5	-0.00296167724099808	0.0205986685197396	-0.264692576745406	0.25876922226341	0.909089824383923	0.000687167779738204	77.0035624365293	4.34849961973448	0.0370415656387581	1	1
"fixed_background"	"common"	"CLDN2"	5	23	-0.0432851978801859	0.0301507841384509	-0.126997194919263	0.0404267991588913	0.224445405170006	0.00296665620528026	81.3499833591265	16.1869213251853	0.00277833037593384	4	0.306061916140917
"fixed_background"	"common"	"CLDN20"	1	NA	NA	NA	NA	NA	NA	NA	NA	NA	NA	NA	NA
"fixed_background"	"common"	"CLDN22"	0	NA	NA	NA	NA	NA	NA	NA	NA	NA	NA	NA	NA
"fixed_background"	"common"	"CLDN23"	4	23	0.0604986530646411	0.0197918181509	-0.00248774548453759	0.12348505161382	0.0551339104754649	0.000987166584736296	59.8180099603077	7.7529789292804	0.0514025145488405	3	0.118144093875996
"fixed_background"	"common"	"CLDN3"	5	28	0.147176487070824	0.0392134731968131	0.0383024313557272	0.256050542785921	0.0198915720085588	0.00512405226476773	71.4910083482032	13.0909700232349	0.0108397468242146	4	0.0707921688765232
"fixed_background"	"common"	"CLDN4"	5	28	0.212265817684778	0.0558382715989825	0.0572339218210777	0.367297713548477	0.0190800177226795	0.0111155541908691	80.446157236185	15.8270754536528	0.00326020072674951	4	0.0707921688765232
"fixed_background"	"common"	"CLDN5"	3	13	-0.0155903427406202	0.00549406099906837	-0.0392293792956718	0.0080486938144314	0.104990401301296	0	0	0.71217159042253	0.700412525616766	2	0.18859348364411
"fixed_background"	"common"	"CLDN6"	4	17	0.0120550052173102	0.00136328692993537	0.00771641776409585	0.0163935926705246	0.00304851288316385	0	0	0.0960986037534471	0.992301460877061	3	0.0228638466237289
"fixed_background"	"common"	"CLDN7"	5	28	0.157911598057275	0.0429318473120807	0.0387136807305498	0.277109515384001	0.0212376506629569	0.00745095046726183	84.8873193073263	32.389135646335	1.59286812667711e-06	4	0.0707921688765232
"fixed_background"	"common"	"CLDN8"	2	6	-0.0209337088812807	0.0118357630040172	-0.171321336819166	0.129453919056604	0.327594381293562	0	0	0.579924052897132	0.446342091309638	1	0.421818296223647
"fixed_background"	"common"	"CLDN9"	4	22	0.0452145762265345	0.0203917407483103	-0.0196810437762291	0.110110196229298	0.113327949399414	0.000981158382206302	65.0223314507598	7.77746804040384	0.0508417698435025	3	0.188879915665689
"fixed_background"	"common"	"CRB3"	5	28	0.0645854897124837	0.00677521621719126	0.0457744738096063	0.083396505615361	0.000676231846116733	0	0	1.2185939242759	0.875027864499753	4	0.019146464612081
"fixed_background"	"common"	"F11R"	5	28	0.121596535564919	0.0171855027315085	0.073881930625659	0.169311140504179	0.00210565568242234	0.000561474175316861	32.1094549594504	5.19114129587891	0.268241405914156	4	0.0210565568242234
"fixed_background"	"common"	"PALS1"	5	28	0.048219739334733	0.0136926911754645	0.0102027339436295	0.0862367447258365	0.0244154862204215	0.000310475077826168	36.7213419612869	6.16855277062151	0.186909298949642	4	0.0732464586612644
"fixed_background"	"common"	"PARD3"	5	28	0.0231688184099527	0.0140287018363858	-0.0157811021359601	0.0621187389558655	0.173974753659594	0.00012873342303701	18.8164130168135	6.68267770603388	0.153638004921448	4	0.26096213048939
"fixed_background"	"common"	"PARD6A"	5	27	-0.0134040689206967	0.00875649820079372	-0.0377160054889637	0.0109078676475704	0.200579259950466	0	0	5.77256446841892	0.216789323294054	4	0.286541799929237
"fixed_background"	"common"	"PARD6B"	5	28	0.122968835580248	0.0332470744066795	0.0306601585816755	0.21527751257882	0.0208603138716591	0.00491716543279628	85.2006026199597	32.2545655970234	1.69706525186791e-06	4	0.0707921688765232
"fixed_background"	"common"	"PARD6G"	3	17	-0.0141634378798749	0.00504378152910991	-0.0358650782443595	0.00753820248460982	0.106869640731662	1.32095644662476e-05	7.03551613266945	1.70062857340956	0.427280622225176	2	0.18859348364411
"fixed_background"	"common"	"PATJ"	5	28	0.0480452763686166	0.0226647267927883	-0.0148820933958658	0.110972646133099	0.101361930625379	0.00133842011181888	67.3735929044399	10.1235972686402	0.0383963807960438	4	0.18859348364411
"fixed_background"	"common"	"PRKCI"	5	28	0.0602702768903341	0.0207213395177347	0.00273861521317795	0.11780193856749	0.0437390201885649	0.00128184446414292	67.1559019853474	11.3164364197742	0.0232287092613253	4	0.109347550471412
"target_mean"	"common"	"CLDN1"	5	28	0.0477136942391639	0.00687783994135284	0.0286177491996609	0.0668096392786669	0.00226725361423394	0	0	1.40569837900067	0.843204008304279	4	0.0226725361423394
"target_mean"	"common"	"CLDN10"	4	22	-0.0588187767282056	0.0116550630072293	-0.0959103889334114	-0.0217271645229997	0.0150054162821903	0	0	1.52544077505541	0.676411182547779	3	0.0500180542739678
"target_mean"	"common"	"CLDN11"	3	18	-0.0209117532777934	0.0041011590906952	-0.0385576166345099	-0.00326588992107683	0.0363763391209909	0	0	1.30174431528066	0.521590669039898	2	0.0779492981164092
"target_mean"	"common"	"CLDN12"	5	28	0.0420619609755252	0.00754198891167564	0.0211220427782474	0.0630018791728031	0.00506694172867297	0	0	5.08098800546047	0.279088111127179	4	0.0304016503720378
"target_mean"	"common"	"CLDN14"	3	19	-0.0257775762159303	0.0127754288651424	-0.0807458100962555	0.029190657664395	0.181109714968994	6.03272146026808e-05	9.22619120086515	2.51753406336466	0.284003978623232	2	0.28596270784578
"target_mean"	"common"	"CLDN15"	5	28	0.00339472394540177	0.0135410667653082	-0.0342013045942948	0.0409907524850983	0.814398170722029	0.000636622303757161	68.5079517576071	14.5851338441903	0.00564374537610975	4	0.977277804866435
"target_mean"	"common"	"CLDN16"	4	23	-0.00311425763293197	0.0051883573362967	-0.019625926268321	0.0133974110024571	0.590660797975733	8.7633734367951e-06	3.97133262310176	2.40441975920563	0.49281241622044	3	0.770427127794434
"target_mean"	"common"	"CLDN17"	0	NA	NA	NA	NA	NA	NA	NA	NA	NA	NA	NA	NA
"target_mean"	"common"	"CLDN18"	1	NA	NA	NA	NA	NA	NA	NA	NA	NA	NA	NA	NA
"target_mean"	"common"	"CLDN19"	2	5	0.00314492037619197	0.0175208517322084	-0.21947860888541	0.225768449637794	0.886933413770065	0.00046751135525045	70.2892079681239	3.36578034987125	0.0665640415601146	1	1
"target_mean"	"common"	"CLDN2"	5	23	-0.0543938207751873	0.0238912702753111	-0.120726621188032	0.0119389796376576	0.0850936090017715	0.000830846639226828	46.4413901327497	8.29731192071659	0.0812747199656397	4	0.159550516878322
"target_mean"	"common"	"CLDN20"	1	NA	NA	NA	NA	NA	NA	NA	NA	NA	NA	NA	NA
"target_mean"	"common"	"CLDN22"	0	NA	NA	NA	NA	NA	NA	NA	NA	NA	NA	NA	NA
"target_mean"	"common"	"CLDN23"	4	23	0.0442960651675302	0.0112822948321468	0.00839076766384316	0.0802013626712172	0.0294048975018414	0	0	2.31815861067377	0.509051127873099	3	0.0681422884432489
"target_mean"	"common"	"CLDN3"	5	28	0.142554083021633	0.0280122010007561	0.0647797446672666	0.220328421375999	0.00703636587638014	0.00231436755372753	58.9751377661452	10.0076036938634	0.0402997933749879	4	0.0351818293819007
"target_mean"	"common"	"CLDN4"	5	28	0.192200363664591	0.0510022411957222	0.0505954407426106	0.333805286586571	0.0196304457827572	0.0100555831235207	76.4077891722499	17.8297250800073	0.00133232779876655	4	0.0535375794075197
"target_mean"	"common"	"CLDN5"	3	13	-0.00652465739077686	0.00426296997280116	-0.0248667367810898	0.011817421999536	0.265532669215788	0	0	1.1165849770145	0.572185243071543	2	0.379332384593982
"target_mean"	"common"	"CLDN6"	4	17	0.0114346429489453	0.00403649236433892	-0.00141127726225103	0.0242805631601416	0.0660361341154748	2.92187460652423e-05	21.2972851863899	2.44309205423255	0.485663461019998	3	0.13207226823095
"target_mean"	"common"	"CLDN7"	5	28	0.181217248067128	0.031259935804941	0.0944257523127026	0.268008743821554	0.00440265211963182	0.000973773077399945	28.1619918884763	6.96037342608151	0.137997185292473	4	0.0304016503720378
"target_mean"	"common"	"CLDN8"	2	6	-0.00820773165441659	0.0151546441043394	-0.200765742348016	0.184350279039183	0.684001040635971	0	0	0.449521338937306	0.502562350538897	1	0.855001300794963
"target_mean"	"common"	"CLDN9"	4	22	0.0411309840746589	0.0179003203122214	-0.0158358241663651	0.0980977923156828	0.105202414709332	0.000993781934826484	83.8448651023965	25.6881007282989	1.10846045348674e-05	3	0.175531503863368
"target_mean"	"common"	"CRB3"	5	28	0.0622102099513448	0.00767204143339466	0.0409092080667215	0.0835112118359681	0.00125761796092522	0	0	2.49737255015932	0.645106340277324	4	0.0207145747992474
"target_mean"	"common"	"F11R"	5	28	0.124266822503402	0.0157067862327541	0.0806577927490844	0.167875852257721	0.00138097165328316	0.000513073408867818	35.4014646927521	5.41990624483042	0.246860005757531	4	0.0207145747992474
"target_mean"	"common"	"PALS1"	5	28	0.0364920617812889	0.0080893715068426	0.0140323658569893	0.0589517577055886	0.0107309299308879	3.74371112948216e-05	8.63299482096458	3.71456270127846	0.446011405423068	4	0.0431620599107115
"target_mean"	"common"	"PARD3"	5	28	0.0218490028111195	0.0104746660645423	-0.00723333251236045	0.0509313381345994	0.105318902318021	0	0	5.97486249791966	0.201033438786528	4	0.175531503863368
"target_mean"	"common"	"PARD6A"	5	27	-0.0235728293594286	0.0173583495175527	-0.0717673339117502	0.0246216751928929	0.246011568667904	0.00125324178046989	85.4438017323892	23.2159228795591	0.000114649264361933	4	0.369017353001855
"target_mean"	"common"	"PARD6B"	5	28	0.103183988641513	0.0311305498723764	0.0167517258262375	0.189616251456788	0.0295283249920745	0.00375425750382191	78.4374537295773	18.5544715268773	0.000961222703739612	4	0.0681422884432489
"target_mean"	"common"	"PARD6G"	3	17	-0.0113147168008832	0.00909491512964819	-0.0504469782103036	0.0278175446085373	0.339502960408226	0.000169745855979261	54.4476595383487	4.4430285195746	0.108444770875506	2	0.462958582374853
"target_mean"	"common"	"PATJ"	5	28	0.049318866253186	0.0126947062659687	0.0140727111791134	0.0845650213272586	0.017765832328292	2.03950155903425e-05	4.43213262408226	8.36752196472172	0.0790061065681464	4	0.053297496984876
"target_mean"	"common"	"PRKCI"	5	28	0.0603010289336196	0.0136424172008471	0.0224236064732614	0.0981784513939777	0.0115098826428564	0.000512190695665235	50.6178755474755	8.14851250692128	0.0862870033856187	4	0.0431620599107115
